{
  "attack_name": "bim",
  "sequence": "flamingo",
  "frame_idx": 0,
  "obj_id": 1,
  "gt_label": 1,
  "clean_iou": 0.9889995669120831,
  "clean_dice": 0.9944693637590907,
  "adv_iou": 2.743202002537462e-05,
  "adv_dice": 5.486253506058881e-05,
  "perturbation_norm": {
    "l2": 35.707942962646484,
    "linf": 0.030000001192092896,
    "l1": 54405.3984375
  },
  "frame_path": "/home/featurize/AttackSAM2/data/DAVIS/JPEGImages/480p/flamingo/00000.jpg",
  "mask_path": "/home/featurize/AttackSAM2/data/DAVIS/Annotations_unsupervised/480p/flamingo/00000.png"
}