{
  "clean_iou": 0.9889761052753088,
  "clean_dice": 0.9944575026841938,
  "adv_iou": 0.0,
  "adv_dice": 0.0,
  "uap_linf": 0.030000001192092896,
  "uap_l2": 35.75718307495117,
  "uap_l1": 54626.3828125,
  "delta_iou": 0.9889761052753088
}