{
  "clean_iou": 0.9468003084040093,
  "clean_dice": 0.9726732673267326,
  "adv_iou": 0.0017101358139249535,
  "adv_dice": 0.0034144324845738084,
  "uap_linf": 0.029999971389770508,
  "uap_l2": 5.202230930328369,
  "uap_l1": 6395.13427734375,
  "delta_iou": 0.9450901725900843
}