{
  "clean_iou": 0.9743679775280899,
  "clean_dice": 0.9870176062600036,
  "adv_iou": 0.01325301204819277,
  "adv_dice": 0.026159334126040427,
  "uap_linf": 0.0031628012657165527,
  "uap_l2": 2.812079668045044,
  "uap_l1": 4176.22607421875,
  "delta_iou": 0.9611149654798972
}