{
  "pgd": {
    "best": {
      "score": 0.9024109442898498,
      "clean_iou": 0.9399726081001761,
      "adv_iou": 0.03756166381032638,
      "summary": {
        "attack_name": "pgd",
        "sequence": "boat",
        "frame_idx": 0,
        "obj_id": 1,
        "gt_label": 1,
        "clean_iou": 0.9399726081001761,
        "clean_dice": 0.9690576085202517,
        "adv_iou": 0.03756166381032638,
        "adv_dice": 0.07240372330717285,
        "perturbation_norm": {
          "l2": 30.71360206604004,
          "linf": 0.030000001192092896,
          "l1": 47174.078125
        }
      },
      "artifacts": {
        "clean": "/home/featurize/AttackSAM2/outputs/boat/pgd/best_cases/pgd/pgd_boat_frame00000_obj1_clean.png",
        "adv": "/home/featurize/AttackSAM2/outputs/boat/pgd/best_cases/pgd/pgd_boat_frame00000_obj1_adv.png",
        "perturbation": "/home/featurize/AttackSAM2/outputs/boat/pgd/best_cases/pgd/pgd_boat_frame00000_obj1_perturbation.png"
      }
    },
    "worst": {
      "score": 0.9024109442898498,
      "clean_iou": 0.9399726081001761,
      "adv_iou": 0.03756166381032638,
      "summary": {
        "attack_name": "pgd",
        "sequence": "boat",
        "frame_idx": 0,
        "obj_id": 1,
        "gt_label": 1,
        "clean_iou": 0.9399726081001761,
        "clean_dice": 0.9690576085202517,
        "adv_iou": 0.03756166381032638,
        "adv_dice": 0.07240372330717285,
        "perturbation_norm": {
          "l2": 30.71360206604004,
          "linf": 0.030000001192092896,
          "l1": 47174.078125
        }
      },
      "artifacts": {
        "clean": "/home/featurize/AttackSAM2/outputs/boat/pgd/worst_cases/pgd/pgd_boat_frame00000_obj1_clean.png",
        "adv": "/home/featurize/AttackSAM2/outputs/boat/pgd/worst_cases/pgd/pgd_boat_frame00000_obj1_adv.png",
        "perturbation": "/home/featurize/AttackSAM2/outputs/boat/pgd/worst_cases/pgd/pgd_boat_frame00000_obj1_perturbation.png"
      }
    }
  }
}