{
  "attack_name": "pgd",
  "sequence": "boat",
  "frame_idx": 0,
  "obj_id": 1,
  "gt_label": 1,
  "clean_iou": 0.9399726081001761,
  "clean_dice": 0.9690576085202517,
  "adv_iou": 0.03756166381032638,
  "adv_dice": 0.07240372330717285,
  "perturbation_norm": {
    "l2": 30.71360206604004,
    "linf": 0.030000001192092896,
    "l1": 47174.078125
  },
  "frame_path": "/home/featurize/AttackSAM2/data/DAVIS/JPEGImages/480p/boat/00000.jpg",
  "mask_path": "/home/featurize/AttackSAM2/data/DAVIS/Annotations_unsupervised/480p/boat/00000.png"
}