{
  "clean_iou": 0.9883999401287232,
  "clean_dice": 0.9941661334638112,
  "adv_iou": 0.0031527093596059115,
  "adv_dice": 0.006285602042820664,
  "uap_linf": 0.030000001192092896,
  "uap_l2": 52.94641876220703,
  "uap_l1": 93600.0703125,
  "delta_iou": 0.9852472307691174
}