{
  "clean_iou": 0.9370529327610873,
  "clean_dice": 0.9675036927621861,
  "adv_iou": 0.0,
  "adv_dice": 0.0,
  "uap_linf": 0.029999971389770508,
  "uap_l2": 30.71995735168457,
  "uap_l1": 47190.48046875,
  "delta_iou": 0.9370529327610873
}