{
  "clean_iou": 0.9860120680197477,
  "clean_dice": 0.9929567739262533,
  "adv_iou": 9.789605071015427e-05,
  "adv_dice": 0.00019577293602303594,
  "uap_linf": 0.030000001192092896,
  "uap_l2": 53.17326736450195,
  "uap_l1": 94277.53125,
  "delta_iou": 0.9859141719690375
}