{
  "clean_iou": 0.9866464097233328,
  "clean_dice": 0.9932783256188368,
  "adv_iou": 0.0,
  "adv_dice": 0.0,
  "uap_linf": 0.030000001192092896,
  "uap_l2": 35.768943786621094,
  "uap_l1": 54601.31640625,
  "delta_iou": 0.9866464097233328
}