{
  "attack_name": "cw",
  "sequence": "elephant",
  "frame_idx": 0,
  "obj_id": 1,
  "gt_label": 1,
  "clean_iou": 0.9877403958635534,
  "clean_dice": 0.9938323917137476,
  "adv_iou": 0.05125376467801428,
  "adv_dice": 0.09750978574371652,
  "perturbation_norm": {
    "l2": 7.040032863616943,
    "linf": 0.029999971389770508,
    "l1": 8531.34375
  },
  "frame_path": "/home/featurize/AttackSAM2/data/DAVIS/JPEGImages/480p/elephant/00000.jpg",
  "mask_path": "/home/featurize/AttackSAM2/data/DAVIS/Annotations_unsupervised/480p/elephant/00000.png"
}