{
  "pgd": {
    "best": {
      "score": 0.9863122432617494,
      "clean_iou": 0.9956156425187659,
      "adv_iou": 0.009303399257016471,
      "summary": {
        "attack_name": "pgd",
        "sequence": "cat-girl",
        "frame_idx": 0,
        "obj_id": 1,
        "gt_label": 1,
        "clean_iou": 0.9956156425187659,
        "clean_dice": 0.9978030050537685,
        "adv_iou": 0.009303399257016471,
        "adv_dice": 0.018435287672398663,
        "perturbation_norm": {
          "l2": 35.52153778076172,
          "linf": 0.030000001192092896,
          "l1": 54010.2265625
        }
      },
      "artifacts": {
        "clean": "/home/featurize/AttackSAM2/outputs/cat-girl/pgd/best_cases/pgd/pgd_cat-girl_frame00000_obj1_clean.png",
        "adv": "/home/featurize/AttackSAM2/outputs/cat-girl/pgd/best_cases/pgd/pgd_cat-girl_frame00000_obj1_adv.png",
        "perturbation": "/home/featurize/AttackSAM2/outputs/cat-girl/pgd/best_cases/pgd/pgd_cat-girl_frame00000_obj1_perturbation.png"
      }
    },
    "worst": {
      "score": 0.9863122432617494,
      "clean_iou": 0.9956156425187659,
      "adv_iou": 0.009303399257016471,
      "summary": {
        "attack_name": "pgd",
        "sequence": "cat-girl",
        "frame_idx": 0,
        "obj_id": 1,
        "gt_label": 1,
        "clean_iou": 0.9956156425187659,
        "clean_dice": 0.9978030050537685,
        "adv_iou": 0.009303399257016471,
        "adv_dice": 0.018435287672398663,
        "perturbation_norm": {
          "l2": 35.52153778076172,
          "linf": 0.030000001192092896,
          "l1": 54010.2265625
        }
      },
      "artifacts": {
        "clean": "/home/featurize/AttackSAM2/outputs/cat-girl/pgd/worst_cases/pgd/pgd_cat-girl_frame00000_obj1_clean.png",
        "adv": "/home/featurize/AttackSAM2/outputs/cat-girl/pgd/worst_cases/pgd/pgd_cat-girl_frame00000_obj1_adv.png",
        "perturbation": "/home/featurize/AttackSAM2/outputs/cat-girl/pgd/worst_cases/pgd/pgd_cat-girl_frame00000_obj1_perturbation.png"
      }
    }
  }
}