{
  "clean_iou": 0.9889995669120831,
  "clean_dice": 0.9944693637590907,
  "adv_iou": 2.743202002537462e-05,
  "adv_dice": 5.486253506058881e-05,
  "uap_linf": 0.030000001192092896,
  "uap_l2": 35.707942962646484,
  "uap_l1": 54405.3984375,
  "delta_iou": 0.9889721348920577
}