{
  "clean_iou": 0.9370529327610873,
  "clean_dice": 0.9675036927621861,
  "adv_iou": 0.0,
  "adv_dice": 0.0,
  "uap_linf": 0.0,
  "uap_l2": 0.0,
  "uap_l1": 0.0,
  "delta_iou": 0.9370529327610873
}