{
  "clean_iou": 0.9918718737976144,
  "clean_dice": 0.9959193528914645,
  "adv_iou": 0.0021534587861118475,
  "adv_dice": 0.004297662732652319,
  "uap_linf": 0.030000001192092896,
  "uap_l2": 30.546981811523438,
  "uap_l1": 46882.76953125,
  "delta_iou": 0.9897184150115026
}