{
  "clean_iou": 0.9908013444188927,
  "clean_dice": 0.9953794206504354,
  "adv_iou": 0.0,
  "adv_dice": 0.0,
  "uap_linf": 0.030000001192092896,
  "uap_l2": 35.465797424316406,
  "uap_l1": 53957.84375,
  "delta_iou": 0.9908013444188927
}