{
  "cw": {
    "best": {
      "score": 0.9595733066103737,
      "clean_iou": 0.9775147928994082,
      "adv_iou": 0.017941486289034626,
      "summary": {
        "attack_name": "cw",
        "sequence": "classic-car",
        "frame_idx": 0,
        "obj_id": 1,
        "gt_label": 1,
        "clean_iou": 0.9775147928994082,
        "clean_dice": 0.9886295631358468,
        "adv_iou": 0.017941486289034626,
        "adv_dice": 0.035250525753580134,
        "perturbation_norm": {
          "l2": 5.042279243469238,
          "linf": 0.030000001192092896,
          "l1": 5803.7705078125
        }
      },
      "artifacts": {
        "clean": "/home/featurize/AttackSAM2/outputs/classic-car/cw/best_cases/cw/cw_classic-car_frame00000_obj1_clean.png",
        "adv": "/home/featurize/AttackSAM2/outputs/classic-car/cw/best_cases/cw/cw_classic-car_frame00000_obj1_adv.png",
        "perturbation": "/home/featurize/AttackSAM2/outputs/classic-car/cw/best_cases/cw/cw_classic-car_frame00000_obj1_perturbation.png"
      }
    },
    "worst": {
      "score": 0.9595733066103737,
      "clean_iou": 0.9775147928994082,
      "adv_iou": 0.017941486289034626,
      "summary": {
        "attack_name": "cw",
        "sequence": "classic-car",
        "frame_idx": 0,
        "obj_id": 1,
        "gt_label": 1,
        "clean_iou": 0.9775147928994082,
        "clean_dice": 0.9886295631358468,
        "adv_iou": 0.017941486289034626,
        "adv_dice": 0.035250525753580134,
        "perturbation_norm": {
          "l2": 5.042279243469238,
          "linf": 0.030000001192092896,
          "l1": 5803.7705078125
        }
      },
      "artifacts": {
        "clean": "/home/featurize/AttackSAM2/outputs/classic-car/cw/worst_cases/cw/cw_classic-car_frame00000_obj1_clean.png",
        "adv": "/home/featurize/AttackSAM2/outputs/classic-car/cw/worst_cases/cw/cw_classic-car_frame00000_obj1_adv.png",
        "perturbation": "/home/featurize/AttackSAM2/outputs/classic-car/cw/worst_cases/cw/cw_classic-car_frame00000_obj1_perturbation.png"
      }
    }
  }
}