{
  "attack_name": "cw",
  "sequence": "classic-car",
  "frame_idx": 0,
  "obj_id": 1,
  "gt_label": 1,
  "clean_iou": 0.9775147928994082,
  "clean_dice": 0.9886295631358468,
  "adv_iou": 0.017941486289034626,
  "adv_dice": 0.035250525753580134,
  "perturbation_norm": {
    "l2": 5.042279243469238,
    "linf": 0.030000001192092896,
    "l1": 5803.7705078125
  },
  "frame_path": "/home/featurize/AttackSAM2/data/DAVIS/JPEGImages/480p/classic-car/00000.jpg",
  "mask_path": "/home/featurize/AttackSAM2/data/DAVIS/Annotations_unsupervised/480p/classic-car/00000.png"
}