{
  "clean_iou": 0.9883999401287232,
  "clean_dice": 0.9941661334638112,
  "adv_iou": 0.2765294303464252,
  "adv_dice": 0.43325194668074435,
  "uap_linf": 0.029999971389770508,
  "uap_l2": 5.341267108917236,
  "uap_l1": 7173.673828125,
  "delta_iou": 0.711870509782298
}