{
  "clean_iou": 0.9468003084040093,
  "clean_dice": 0.9726732673267326,
  "adv_iou": 0.0,
  "adv_dice": 0.0,
  "uap_linf": 0.030000001192092896,
  "uap_l2": 35.42011260986328,
  "uap_l1": 53672.61328125,
  "delta_iou": 0.9468003084040093
}