{
  "attack_name": "bim",
  "sequence": "rollerblade",
  "frame_idx": 0,
  "obj_id": 1,
  "gt_label": 1,
  "clean_iou": 0.9884610398029301,
  "clean_dice": 0.9941970398382995,
  "adv_iou": 0.0029028737307070325,
  "adv_dice": 0.005788942891166734,
  "perturbation_norm": {
    "l2": 35.78705978393555,
    "linf": 0.030000001192092896,
    "l1": 54547.484375
  },
  "frame_path": "/home/featurize/AttackSAM2/data/DAVIS/JPEGImages/480p/rollerblade/00000.jpg",
  "mask_path": "/home/featurize/AttackSAM2/data/DAVIS/Annotations_unsupervised/480p/rollerblade/00000.png"
}