{
  "cw": {
    "best": {
      "score": 0.9410843381507445,
      "clean_iou": 0.985164931060562,
      "adv_iou": 0.04408059290981753,
      "summary": {
        "attack_name": "cw",
        "sequence": "hockey",
        "frame_idx": 0,
        "obj_id": 1,
        "gt_label": 1,
        "clean_iou": 0.985164931060562,
        "clean_dice": 0.9925270345514755,
        "adv_iou": 0.04408059290981753,
        "adv_dice": 0.08443906190606684,
        "perturbation_norm": {
          "l2": 6.155144214630127,
          "linf": 0.029999971389770508,
          "l1": 7291.1015625
        }
      },
      "artifacts": {
        "clean": "/home/featurize/AttackSAM2/outputs/hockey/cw/best_cases/cw/cw_hockey_frame00000_obj1_clean.png",
        "adv": "/home/featurize/AttackSAM2/outputs/hockey/cw/best_cases/cw/cw_hockey_frame00000_obj1_adv.png",
        "perturbation": "/home/featurize/AttackSAM2/outputs/hockey/cw/best_cases/cw/cw_hockey_frame00000_obj1_perturbation.png"
      }
    },
    "worst": {
      "score": 0.9410843381507445,
      "clean_iou": 0.985164931060562,
      "adv_iou": 0.04408059290981753,
      "summary": {
        "attack_name": "cw",
        "sequence": "hockey",
        "frame_idx": 0,
        "obj_id": 1,
        "gt_label": 1,
        "clean_iou": 0.985164931060562,
        "clean_dice": 0.9925270345514755,
        "adv_iou": 0.04408059290981753,
        "adv_dice": 0.08443906190606684,
        "perturbation_norm": {
          "l2": 6.155144214630127,
          "linf": 0.029999971389770508,
          "l1": 7291.1015625
        }
      },
      "artifacts": {
        "clean": "/home/featurize/AttackSAM2/outputs/hockey/cw/worst_cases/cw/cw_hockey_frame00000_obj1_clean.png",
        "adv": "/home/featurize/AttackSAM2/outputs/hockey/cw/worst_cases/cw/cw_hockey_frame00000_obj1_adv.png",
        "perturbation": "/home/featurize/AttackSAM2/outputs/hockey/cw/worst_cases/cw/cw_hockey_frame00000_obj1_perturbation.png"
      }
    }
  }
}