{
  "attack_name": "cw",
  "sequence": "hockey",
  "frame_idx": 0,
  "obj_id": 1,
  "gt_label": 1,
  "clean_iou": 0.985164931060562,
  "clean_dice": 0.9925270345514755,
  "adv_iou": 0.04408059290981753,
  "adv_dice": 0.08443906190606684,
  "perturbation_norm": {
    "l2": 6.155144214630127,
    "linf": 0.029999971389770508,
    "l1": 7291.1015625
  },
  "frame_path": "/home/featurize/AttackSAM2/data/DAVIS/JPEGImages/480p/hockey/00000.jpg",
  "mask_path": "/home/featurize/AttackSAM2/data/DAVIS/Annotations_unsupervised/480p/hockey/00000.png"
}