{
  "attack_name": "fgsm",
  "sequence": "scooter-gray",
  "frame_idx": 0,
  "obj_id": 1,
  "gt_label": 1,
  "clean_iou": 0.9713098377687205,
  "clean_dice": 0.9854461426196943,
  "adv_iou": 0.011501514335086121,
  "adv_dice": 0.022741467357360667,
  "perturbation_norm": {
    "l2": 53.18553924560547,
    "linf": 0.030000001192092896,
    "l1": 94309.984375
  },
  "frame_path": "/home/featurize/AttackSAM2/data/DAVIS/JPEGImages/480p/scooter-gray/00000.jpg",
  "mask_path": "/home/featurize/AttackSAM2/data/DAVIS/Annotations_unsupervised/480p/scooter-gray/00000.png"
}