{
  "clean_iou": 0.9953177257525083,
  "clean_dice": 0.9976533690915186,
  "adv_iou": 1.5937270901730786e-05,
  "adv_dice": 3.187403381834988e-05,
  "uap_linf": 0.030000001192092896,
  "uap_l2": 52.69792556762695,
  "uap_l1": 92939.390625,
  "delta_iou": 0.9953017884816066
}