{
  "pgd": {
    "best": {
      "score": 0.9975432873560619,
      "clean_iou": 0.9976920266994321,
      "adv_iou": 0.00014873934337021586,
      "summary": {
        "attack_name": "pgd",
        "sequence": "koala",
        "frame_idx": 0,
        "obj_id": 1,
        "gt_label": 1,
        "clean_iou": 0.9976920266994321,
        "clean_dice": 0.9988446801260047,
        "adv_iou": 0.00014873934337021586,
        "adv_dice": 0.0002974344465361582,
        "perturbation_norm": {
          "l2": 34.159183502197266,
          "linf": 0.030000001192092896,
          "l1": 52301.99609375
        }
      },
      "artifacts": {
        "clean": "/home/featurize/AttackSAM2/outputs/koala/pgd/best_cases/pgd/pgd_koala_frame00000_obj1_clean.png",
        "adv": "/home/featurize/AttackSAM2/outputs/koala/pgd/best_cases/pgd/pgd_koala_frame00000_obj1_adv.png",
        "perturbation": "/home/featurize/AttackSAM2/outputs/koala/pgd/best_cases/pgd/pgd_koala_frame00000_obj1_perturbation.png"
      }
    },
    "worst": {
      "score": 0.9975432873560619,
      "clean_iou": 0.9976920266994321,
      "adv_iou": 0.00014873934337021586,
      "summary": {
        "attack_name": "pgd",
        "sequence": "koala",
        "frame_idx": 0,
        "obj_id": 1,
        "gt_label": 1,
        "clean_iou": 0.9976920266994321,
        "clean_dice": 0.9988446801260047,
        "adv_iou": 0.00014873934337021586,
        "adv_dice": 0.0002974344465361582,
        "perturbation_norm": {
          "l2": 34.159183502197266,
          "linf": 0.030000001192092896,
          "l1": 52301.99609375
        }
      },
      "artifacts": {
        "clean": "/home/featurize/AttackSAM2/outputs/koala/pgd/worst_cases/pgd/pgd_koala_frame00000_obj1_clean.png",
        "adv": "/home/featurize/AttackSAM2/outputs/koala/pgd/worst_cases/pgd/pgd_koala_frame00000_obj1_adv.png",
        "perturbation": "/home/featurize/AttackSAM2/outputs/koala/pgd/worst_cases/pgd/pgd_koala_frame00000_obj1_perturbation.png"
      }
    }
  }
}