{
  "attack_name": "pgd",
  "sequence": "koala",
  "frame_idx": 0,
  "obj_id": 1,
  "gt_label": 1,
  "clean_iou": 0.9976920266994321,
  "clean_dice": 0.9988446801260047,
  "adv_iou": 0.00014873934337021586,
  "adv_dice": 0.0002974344465361582,
  "perturbation_norm": {
    "l2": 34.159183502197266,
    "linf": 0.030000001192092896,
    "l1": 52301.99609375
  },
  "frame_path": "/home/featurize/AttackSAM2/data/DAVIS/JPEGImages/480p/koala/00000.jpg",
  "mask_path": "/home/featurize/AttackSAM2/data/DAVIS/Annotations_unsupervised/480p/koala/00000.png"
}