{
  "clean_iou": 0.9950230583078398,
  "clean_dice": 0.9975053212185018,
  "adv_iou": 0.044761331331407625,
  "adv_dice": 0.08568718996206595,
  "uap_linf": 0.0,
  "uap_l2": 0.0,
  "uap_l1": 0.0,
  "delta_iou": 0.9502617269764322
}