{
  "fgsm": {
    "best": {
      "score": 0.9886301644841052,
      "clean_iou": 0.9889325240985363,
      "adv_iou": 0.00030235961443101966,
      "summary": {
        "attack_name": "fgsm",
        "sequence": "snowboard",
        "frame_idx": 0,
        "obj_id": 1,
        "gt_label": 1,
        "clean_iou": 0.9889325240985363,
        "clean_dice": 0.9944354693950817,
        "adv_iou": 0.00030235961443101966,
        "adv_dice": 0.000604536441456691,
        "perturbation_norm": {
          "l2": 53.187618255615234,
          "linf": 0.030000001192092896,
          "l1": 94324.7578125
        }
      },
      "artifacts": {
        "clean": "/home/featurize/AttackSAM2/outputs/snowboard/fgsm/best_cases/fgsm/fgsm_snowboard_frame00000_obj1_clean.png",
        "adv": "/home/featurize/AttackSAM2/outputs/snowboard/fgsm/best_cases/fgsm/fgsm_snowboard_frame00000_obj1_adv.png",
        "perturbation": "/home/featurize/AttackSAM2/outputs/snowboard/fgsm/best_cases/fgsm/fgsm_snowboard_frame00000_obj1_perturbation.png"
      }
    },
    "worst": {
      "score": 0.9886301644841052,
      "clean_iou": 0.9889325240985363,
      "adv_iou": 0.00030235961443101966,
      "summary": {
        "attack_name": "fgsm",
        "sequence": "snowboard",
        "frame_idx": 0,
        "obj_id": 1,
        "gt_label": 1,
        "clean_iou": 0.9889325240985363,
        "clean_dice": 0.9944354693950817,
        "adv_iou": 0.00030235961443101966,
        "adv_dice": 0.000604536441456691,
        "perturbation_norm": {
          "l2": 53.187618255615234,
          "linf": 0.030000001192092896,
          "l1": 94324.7578125
        }
      },
      "artifacts": {
        "clean": "/home/featurize/AttackSAM2/outputs/snowboard/fgsm/worst_cases/fgsm/fgsm_snowboard_frame00000_obj1_clean.png",
        "adv": "/home/featurize/AttackSAM2/outputs/snowboard/fgsm/worst_cases/fgsm/fgsm_snowboard_frame00000_obj1_adv.png",
        "perturbation": "/home/featurize/AttackSAM2/outputs/snowboard/fgsm/worst_cases/fgsm/fgsm_snowboard_frame00000_obj1_perturbation.png"
      }
    }
  }
}