{
  "attack_name": "fgsm",
  "sequence": "snowboard",
  "frame_idx": 0,
  "obj_id": 1,
  "gt_label": 1,
  "clean_iou": 0.9889325240985363,
  "clean_dice": 0.9944354693950817,
  "adv_iou": 0.00030235961443101966,
  "adv_dice": 0.000604536441456691,
  "perturbation_norm": {
    "l2": 53.187618255615234,
    "linf": 0.030000001192092896,
    "l1": 94324.7578125
  },
  "frame_path": "/home/featurize/AttackSAM2/data/DAVIS/JPEGImages/480p/snowboard/00000.jpg",
  "mask_path": "/home/featurize/AttackSAM2/data/DAVIS/Annotations_unsupervised/480p/snowboard/00000.png"
}