{
  "clean_iou": 0.995620400124391,
  "clean_dice": 0.9978053943148025,
  "adv_iou": 0.006715845880127426,
  "adv_dice": 0.013342088351169354,
  "uap_linf": 0.030000001192092896,
  "uap_l2": 35.78751754760742,
  "uap_l1": 54716.5546875,
  "delta_iou": 0.9889045542442636
}