{
  "clean_iou": 0.9775147928994082,
  "clean_dice": 0.9886295631358468,
  "adv_iou": 0.0059592426877161445,
  "adv_dice": 0.011847880977353066,
  "uap_linf": 0.030000001192092896,
  "uap_l2": 52.63119888305664,
  "uap_l1": 92525.390625,
  "delta_iou": 0.971555550211692
}