{
  "clean_iou": 0.9825916769674495,
  "clean_dice": 0.9912194108172703,
  "adv_iou": 0.011777657762452744,
  "adv_dice": 0.023281118479131165,
  "uap_linf": 0.030000001192092896,
  "uap_l2": 5.879902362823486,
  "uap_l1": 6806.2392578125,
  "delta_iou": 0.9708140192049968
}