{
  "clean_iou": 0.9969887280767196,
  "clean_dice": 0.9984920936803782,
  "adv_iou": 0.03571711203144372,
  "adv_dice": 0.0689707867457912,
  "uap_linf": 0.030000001192092896,
  "uap_l2": 52.341739654541016,
  "uap_l1": 91972.1171875,
  "delta_iou": 0.9612716160452759
}