{
  "clean_iou": 0.9923827660080933,
  "clean_dice": 0.9961768219832736,
  "adv_iou": 0.12153662596296896,
  "adv_dice": 0.21673233517205148,
  "uap_linf": 7.450580596923828e-08,
  "uap_l2": 1.911826439027209e-05,
  "uap_l1": 0.0076616257429122925,
  "delta_iou": 0.8708461400451243
}