{
  "clean_iou": 0.9058123920966814,
  "clean_dice": 0.9505787619526925,
  "adv_iou": 0.0,
  "adv_dice": 0.0,
  "uap_linf": 0.030000001192092896,
  "uap_l2": 35.643653869628906,
  "uap_l1": 54229.9375,
  "delta_iou": 0.9058123920966814
}