{
  "clean_iou": 0.9908013444188927,
  "clean_dice": 0.9953794206504354,
  "adv_iou": 0.01067698619917941,
  "adv_dice": 0.021128384924113116,
  "uap_linf": 0.030000001192092896,
  "uap_l2": 52.857181549072266,
  "uap_l1": 93418.734375,
  "delta_iou": 0.9801243582197132
}