{
  "attack_name": "fgsm",
  "sequence": "crossing",
  "frame_idx": 0,
  "obj_id": 1,
  "gt_label": 1,
  "clean_iou": 0.9753694581280788,
  "clean_dice": 0.9875311720698254,
  "adv_iou": 0.0005099439061703213,
  "adv_dice": 0.0010193679918450561,
  "perturbation_norm": {
    "l2": 52.55707550048828,
    "linf": 0.030000001192092896,
    "l1": 92211.5625
  },
  "frame_path": "/home/featurize/AttackSAM2/data/DAVIS/JPEGImages/480p/crossing/00000.jpg",
  "mask_path": "/home/featurize/AttackSAM2/data/DAVIS/Annotations_unsupervised/480p/crossing/00000.png"
}