{
  "clean_iou": 0.9889761052753088,
  "clean_dice": 0.9944575026841938,
  "adv_iou": 0.00680959493893331,
  "adv_dice": 0.013527075969804075,
  "uap_linf": 0.030000001192092896,
  "uap_l2": 53.02962112426758,
  "uap_l1": 93924.1953125,
  "delta_iou": 0.9821665103363755
}