{
  "attack_name": "fgsm",
  "sequence": "kid-football",
  "frame_idx": 0,
  "obj_id": 1,
  "gt_label": 1,
  "clean_iou": 0.9986495673959003,
  "clean_dice": 0.9993243274728449,
  "adv_iou": 0.29530454520539995,
  "adv_dice": 0.455961567182755,
  "perturbation_norm": {
    "l2": 53.007999420166016,
    "linf": 0.030000001192092896,
    "l1": 93736.1171875
  },
  "frame_path": "/home/featurize/AttackSAM2/data/DAVIS/JPEGImages/480p/kid-football/00000.jpg",
  "mask_path": "/home/featurize/AttackSAM2/data/DAVIS/Annotations_unsupervised/480p/kid-football/00000.png"
}