{
  "attack_name": "bim",
  "sequence": "kite-walk",
  "frame_idx": 0,
  "obj_id": 1,
  "gt_label": 1,
  "clean_iou": 0.6461182411108773,
  "clean_dice": 0.7850204498977505,
  "adv_iou": 4.5708017186214464e-05,
  "adv_dice": 9.141185611773847e-05,
  "perturbation_norm": {
    "l2": 35.5361213684082,
    "linf": 0.030000001192092896,
    "l1": 53977.0
  },
  "frame_path": "/home/featurize/AttackSAM2/data/DAVIS/JPEGImages/480p/kite-walk/00000.jpg",
  "mask_path": "/home/featurize/AttackSAM2/data/DAVIS/Annotations_unsupervised/480p/kite-walk/00000.png"
}