{
  "clean_iou": 0.9930596255282396,
  "clean_dice": 0.9965177286304614,
  "adv_iou": 0.014976379535631721,
  "adv_dice": 0.02951079421667657,
  "uap_linf": 0.030000030994415283,
  "uap_l2": 8.754356384277344,
  "uap_l1": 11400.7177734375,
  "delta_iou": 0.9780832459926079
}