{
  "clean_iou": 0.9713098377687205,
  "clean_dice": 0.9854461426196943,
  "adv_iou": 0.011501514335086121,
  "adv_dice": 0.022741467357360667,
  "uap_linf": 0.030000001192092896,
  "uap_l2": 53.18553924560547,
  "uap_l1": 94309.984375,
  "delta_iou": 0.9598083234336343
}