{
  "attack_name": "bim",
  "sequence": "breakdance-flare",
  "frame_idx": 0,
  "obj_id": 1,
  "gt_label": 1,
  "clean_iou": 0.9930596255282396,
  "clean_dice": 0.9965177286304614,
  "adv_iou": 1.72962501729625e-05,
  "adv_dice": 3.4591902035733435e-05,
  "perturbation_norm": {
    "l2": 35.71753692626953,
    "linf": 0.030000001192092896,
    "l1": 54446.0
  },
  "frame_path": "/home/featurize/AttackSAM2/data/DAVIS/JPEGImages/480p/breakdance-flare/00000.jpg",
  "mask_path": "/home/featurize/AttackSAM2/data/DAVIS/Annotations_unsupervised/480p/breakdance-flare/00000.png"
}