{
  "attack_name": "bim",
  "sequence": "lindy-hop",
  "frame_idx": 0,
  "obj_id": 1,
  "gt_label": 1,
  "clean_iou": 0.9825916769674495,
  "clean_dice": 0.9912194108172703,
  "adv_iou": 5.511251219364332e-06,
  "adv_dice": 1.1022441691283453e-05,
  "perturbation_norm": {
    "l2": 35.716915130615234,
    "linf": 0.030000001192092896,
    "l1": 54433.453125
  },
  "frame_path": "/home/featurize/AttackSAM2/data/DAVIS/JPEGImages/480p/lindy-hop/00000.jpg",
  "mask_path": "/home/featurize/AttackSAM2/data/DAVIS/Annotations_unsupervised/480p/lindy-hop/00000.png"
}