{
  "attack_name": "fgsm",
  "sequence": "mallard-fly",
  "frame_idx": 0,
  "obj_id": 1,
  "gt_label": 1,
  "clean_iou": 0.9834604337922155,
  "clean_dice": 0.9916612573026414,
  "adv_iou": 0.034604420767325575,
  "adv_dice": 0.06689401296325571,
  "perturbation_norm": {
    "l2": 52.93700408935547,
    "linf": 0.030000001192092896,
    "l1": 93655.2265625
  },
  "frame_path": "/home/featurize/AttackSAM2/data/DAVIS/JPEGImages/480p/mallard-fly/00000.jpg",
  "mask_path": "/home/featurize/AttackSAM2/data/DAVIS/Annotations_unsupervised/480p/mallard-fly/00000.png"
}