{
  "clean_iou": 0.9889761052753088,
  "clean_dice": 0.9944575026841938,
  "adv_iou": 0.06332985937225072,
  "adv_dice": 0.11911611211527201,
  "uap_linf": 0.030000001192092896,
  "uap_l2": 5.3125786781311035,
  "uap_l1": 6271.541015625,
  "delta_iou": 0.9256462459030581
}