{
  "attack_name": "cw",
  "sequence": "boxing-fisheye",
  "frame_idx": 0,
  "obj_id": 1,
  "gt_label": 1,
  "clean_iou": 0.9908900354724283,
  "clean_dice": 0.9954241749341972,
  "adv_iou": 0.06865861411315957,
  "adv_dice": 0.12849494348602022,
  "perturbation_norm": {
    "l2": 5.436049461364746,
    "linf": 0.029999971389770508,
    "l1": 6250.9248046875
  },
  "frame_path": "/home/featurize/AttackSAM2/data/DAVIS/JPEGImages/480p/boxing-fisheye/00000.jpg",
  "mask_path": "/home/featurize/AttackSAM2/data/DAVIS/Annotations_unsupervised/480p/boxing-fisheye/00000.png"
}