{
  "clean_iou": 0.9884610398029301,
  "clean_dice": 0.9941970398382995,
  "adv_iou": 0.0,
  "adv_dice": 0.0,
  "uap_linf": 0.030000001192092896,
  "uap_l2": 35.92564010620117,
  "uap_l1": 54909.4921875,
  "delta_iou": 0.9884610398029301
}