{
  "attack_name": "cw",
  "sequence": "hike",
  "frame_idx": 0,
  "obj_id": 1,
  "gt_label": 1,
  "clean_iou": 0.9773685690188361,
  "clean_dice": 0.9885547735835644,
  "adv_iou": 0.03075993100025064,
  "adv_dice": 0.05968398668815379,
  "perturbation_norm": {
    "l2": 6.0871148109436035,
    "linf": 0.030000001192092896,
    "l1": 8072.859375
  },
  "frame_path": "/home/featurize/AttackSAM2/data/DAVIS/JPEGImages/480p/hike/00000.jpg",
  "mask_path": "/home/featurize/AttackSAM2/data/DAVIS/Annotations_unsupervised/480p/hike/00000.png"
}