{
  "clean_iou": 0.9687108886107635,
  "clean_dice": 0.9841068022886205,
  "adv_iou": 0.011615191369883256,
  "adv_dice": 0.022963655486736005,
  "uap_linf": 0.030000001192092896,
  "uap_l2": 31.999948501586914,
  "uap_l1": 47253.10546875,
  "delta_iou": 0.9570956972408803
}