{
  "attack_name": "fgsm",
  "sequence": "night-race",
  "frame_idx": 0,
  "obj_id": 1,
  "gt_label": 1,
  "clean_iou": 0.9849117174959872,
  "clean_dice": 0.9923985120491671,
  "adv_iou": 0.02098968416028004,
  "adv_dice": 0.04111634913832288,
  "perturbation_norm": {
    "l2": 51.207069396972656,
    "linf": 0.030000001192092896,
    "l1": 88628.875
  },
  "frame_path": "/home/featurize/AttackSAM2/data/DAVIS/JPEGImages/480p/night-race/00000.jpg",
  "mask_path": "/home/featurize/AttackSAM2/data/DAVIS/Annotations_unsupervised/480p/night-race/00000.png"
}