{
  "attack_name": "cw",
  "sequence": "planes-water",
  "frame_idx": 0,
  "obj_id": 1,
  "gt_label": 1,
  "clean_iou": 0.9872018497484991,
  "clean_dice": 0.9935597129938659,
  "adv_iou": 0.12553807792981106,
  "adv_dice": 0.2230721117151572,
  "perturbation_norm": {
    "l2": 7.546043395996094,
    "linf": 0.030000001192092896,
    "l1": 10176.9736328125
  },
  "frame_path": "/home/featurize/AttackSAM2/data/DAVIS/JPEGImages/480p/planes-water/00000.jpg",
  "mask_path": "/home/featurize/AttackSAM2/data/DAVIS/Annotations_unsupervised/480p/planes-water/00000.png"
}