{
  "cw": {
    "best": {
      "score": 0.9359672243200732,
      "clean_iou": 0.9834604337922155,
      "adv_iou": 0.04749320947214227,
      "summary": {
        "attack_name": "cw",
        "sequence": "mallard-fly",
        "frame_idx": 0,
        "obj_id": 1,
        "gt_label": 1,
        "clean_iou": 0.9834604337922155,
        "clean_dice": 0.9916612573026414,
        "adv_iou": 0.04749320947214227,
        "adv_dice": 0.09067974673759513,
        "perturbation_norm": {
          "l2": 4.798807621002197,
          "linf": 0.030000001192092896,
          "l1": 5817.240234375
        }
      },
      "artifacts": {
        "clean": "/home/featurize/AttackSAM2/outputs/mallard-fly/cw/best_cases/cw/cw_mallard-fly_frame00000_obj1_clean.png",
        "adv": "/home/featurize/AttackSAM2/outputs/mallard-fly/cw/best_cases/cw/cw_mallard-fly_frame00000_obj1_adv.png",
        "perturbation": "/home/featurize/AttackSAM2/outputs/mallard-fly/cw/best_cases/cw/cw_mallard-fly_frame00000_obj1_perturbation.png"
      }
    },
    "worst": {
      "score": 0.9359672243200732,
      "clean_iou": 0.9834604337922155,
      "adv_iou": 0.04749320947214227,
      "summary": {
        "attack_name": "cw",
        "sequence": "mallard-fly",
        "frame_idx": 0,
        "obj_id": 1,
        "gt_label": 1,
        "clean_iou": 0.9834604337922155,
        "clean_dice": 0.9916612573026414,
        "adv_iou": 0.04749320947214227,
        "adv_dice": 0.09067974673759513,
        "perturbation_norm": {
          "l2": 4.798807621002197,
          "linf": 0.030000001192092896,
          "l1": 5817.240234375
        }
      },
      "artifacts": {
        "clean": "/home/featurize/AttackSAM2/outputs/mallard-fly/cw/worst_cases/cw/cw_mallard-fly_frame00000_obj1_clean.png",
        "adv": "/home/featurize/AttackSAM2/outputs/mallard-fly/cw/worst_cases/cw/cw_mallard-fly_frame00000_obj1_adv.png",
        "perturbation": "/home/featurize/AttackSAM2/outputs/mallard-fly/cw/worst_cases/cw/cw_mallard-fly_frame00000_obj1_perturbation.png"
      }
    }
  }
}