{
  "clean_iou": 0.9948217616445146,
  "clean_dice": 0.9974041598828276,
  "adv_iou": 0.0037489715773670685,
  "adv_dice": 0.007469938567360425,
  "uap_linf": 0.030000001192092896,
  "uap_l2": 35.42714309692383,
  "uap_l1": 53673.8984375,
  "delta_iou": 0.9910727900671475
}