{
  "clean_iou": 0.9610938989513823,
  "clean_dice": 0.9801610208111803,
  "adv_iou": 0.009957970872837455,
  "adv_dice": 0.019719574794249038,
  "uap_linf": 0.030000001192092896,
  "uap_l2": 35.66584396362305,
  "uap_l1": 54380.9453125,
  "delta_iou": 0.9511359280785449
}