{
  "clean_iou": 0.9743679775280899,
  "clean_dice": 0.9870176062600036,
  "adv_iou": 0.0,
  "adv_dice": 0.0,
  "uap_linf": 0.029999971389770508,
  "uap_l2": 30.3636417388916,
  "uap_l1": 46231.28125,
  "delta_iou": 0.9743679775280899
}