{
  "clean_iou": 0.9713098377687205,
  "clean_dice": 0.9854461426196943,
  "adv_iou": 0.079810827704102,
  "adv_dice": 0.14782372181578526,
  "uap_linf": 0.029999971389770508,
  "uap_l2": 4.229350566864014,
  "uap_l1": 5232.169921875,
  "delta_iou": 0.8914990100646185
}