{
  "clean_iou": 0.9834604337922155,
  "clean_dice": 0.9916612573026414,
  "adv_iou": 0.0005101210180713084,
  "adv_dice": 0.0010197218545920028,
  "uap_linf": 0.030000001192092896,
  "uap_l2": 30.612823486328125,
  "uap_l1": 46958.91015625,
  "delta_iou": 0.9829503127741441
}