{
  "attack_name": "cw",
  "sequence": "skate-park",
  "frame_idx": 0,
  "obj_id": 1,
  "gt_label": 1,
  "clean_iou": 0.9743679775280899,
  "clean_dice": 0.9870176062600036,
  "adv_iou": 0.01325301204819277,
  "adv_dice": 0.026159334126040427,
  "perturbation_norm": {
    "l2": 2.812079668045044,
    "linf": 0.0031628012657165527,
    "l1": 4176.22607421875
  },
  "frame_path": "/home/featurize/AttackSAM2/data/DAVIS/JPEGImages/480p/skate-park/00000.jpg",
  "mask_path": "/home/featurize/AttackSAM2/data/DAVIS/Annotations_unsupervised/480p/skate-park/00000.png"
}