{
  "attack_name": "fgsm",
  "sequence": "classic-car",
  "frame_idx": 0,
  "obj_id": 1,
  "gt_label": 1,
  "clean_iou": 0.9775147928994082,
  "clean_dice": 0.9886295631358468,
  "adv_iou": 0.0059592426877161445,
  "adv_dice": 0.011847880977353066,
  "perturbation_norm": {
    "l2": 52.63119888305664,
    "linf": 0.030000001192092896,
    "l1": 92525.390625
  },
  "frame_path": "/home/featurize/AttackSAM2/data/DAVIS/JPEGImages/480p/classic-car/00000.jpg",
  "mask_path": "/home/featurize/AttackSAM2/data/DAVIS/Annotations_unsupervised/480p/classic-car/00000.png"
}