{
  "clean_iou": 0.9922464622641509,
  "clean_dice": 0.9961081433031949,
  "adv_iou": 0.0,
  "adv_dice": 0.0,
  "uap_linf": 0.030000001192092896,
  "uap_l2": 35.75184631347656,
  "uap_l1": 54513.59375,
  "delta_iou": 0.9922464622641509
}