{
  "attack_name": "fgsm",
  "sequence": "cat-girl",
  "frame_idx": 0,
  "obj_id": 1,
  "gt_label": 1,
  "clean_iou": 0.9956156425187659,
  "clean_dice": 0.9978030050537685,
  "adv_iou": 0.3820317314188562,
  "adv_dice": 0.5528552242814935,
  "perturbation_norm": {
    "l2": 52.93118667602539,
    "linf": 0.030000001192092896,
    "l1": 93571.125
  },
  "frame_path": "/home/featurize/AttackSAM2/data/DAVIS/JPEGImages/480p/cat-girl/00000.jpg",
  "mask_path": "/home/featurize/AttackSAM2/data/DAVIS/Annotations_unsupervised/480p/cat-girl/00000.png"
}