{
  "attack_name": "cw",
  "sequence": "night-race",
  "frame_idx": 0,
  "obj_id": 1,
  "gt_label": 1,
  "clean_iou": 0.9849117174959872,
  "clean_dice": 0.9923985120491671,
  "adv_iou": 0.021493432562272638,
  "adv_dice": 0.04208237053146663,
  "perturbation_norm": {
    "l2": 5.530960559844971,
    "linf": 0.030000001192092896,
    "l1": 6603.93701171875
  },
  "frame_path": "/home/featurize/AttackSAM2/data/DAVIS/JPEGImages/480p/night-race/00000.jpg",
  "mask_path": "/home/featurize/AttackSAM2/data/DAVIS/Annotations_unsupervised/480p/night-race/00000.png"
}