{
  "cw": {
    "best": {
      "score": 0.9127850272906153,
      "clean_iou": 0.9718482252141983,
      "adv_iou": 0.05906319792358303,
      "summary": {
        "attack_name": "cw",
        "sequence": "sheep",
        "frame_idx": 0,
        "obj_id": 1,
        "gt_label": 1,
        "clean_iou": 0.9718482252141983,
        "clean_dice": 0.9857231533209186,
        "adv_iou": 0.05906319792358303,
        "adv_dice": 0.11153857114359807,
        "perturbation_norm": {
          "l2": 4.65077018737793,
          "linf": 0.029999971389770508,
          "l1": 5138.48876953125
        }
      },
      "artifacts": {
        "clean": "/home/featurize/AttackSAM2/outputs/sheep/cw/best_cases/cw/cw_sheep_frame00000_obj1_clean.png",
        "adv": "/home/featurize/AttackSAM2/outputs/sheep/cw/best_cases/cw/cw_sheep_frame00000_obj1_adv.png",
        "perturbation": "/home/featurize/AttackSAM2/outputs/sheep/cw/best_cases/cw/cw_sheep_frame00000_obj1_perturbation.png"
      }
    },
    "worst": {
      "score": 0.9127850272906153,
      "clean_iou": 0.9718482252141983,
      "adv_iou": 0.05906319792358303,
      "summary": {
        "attack_name": "cw",
        "sequence": "sheep",
        "frame_idx": 0,
        "obj_id": 1,
        "gt_label": 1,
        "clean_iou": 0.9718482252141983,
        "clean_dice": 0.9857231533209186,
        "adv_iou": 0.05906319792358303,
        "adv_dice": 0.11153857114359807,
        "perturbation_norm": {
          "l2": 4.65077018737793,
          "linf": 0.029999971389770508,
          "l1": 5138.48876953125
        }
      },
      "artifacts": {
        "clean": "/home/featurize/AttackSAM2/outputs/sheep/cw/worst_cases/cw/cw_sheep_frame00000_obj1_clean.png",
        "adv": "/home/featurize/AttackSAM2/outputs/sheep/cw/worst_cases/cw/cw_sheep_frame00000_obj1_adv.png",
        "perturbation": "/home/featurize/AttackSAM2/outputs/sheep/cw/worst_cases/cw/cw_sheep_frame00000_obj1_perturbation.png"
      }
    }
  }
}