{
  "attack_name": "cw",
  "sequence": "sheep",
  "frame_idx": 0,
  "obj_id": 1,
  "gt_label": 1,
  "clean_iou": 0.9718482252141983,
  "clean_dice": 0.9857231533209186,
  "adv_iou": 0.05906319792358303,
  "adv_dice": 0.11153857114359807,
  "perturbation_norm": {
    "l2": 4.65077018737793,
    "linf": 0.029999971389770508,
    "l1": 5138.48876953125
  },
  "frame_path": "/home/featurize/AttackSAM2/data/DAVIS/JPEGImages/480p/sheep/00000.jpg",
  "mask_path": "/home/featurize/AttackSAM2/data/DAVIS/Annotations_unsupervised/480p/sheep/00000.png"
}