{
  "attack_name": "cw",
  "sequence": "motorbike",
  "frame_idx": 0,
  "obj_id": 1,
  "gt_label": 1,
  "clean_iou": 0.9421424962102072,
  "clean_dice": 0.9702094445167165,
  "adv_iou": 0.00013192860777624908,
  "adv_dice": 0.0002638224098292692,
  "perturbation_norm": {
    "l2": 4.913550853729248,
    "linf": 0.030000001192092896,
    "l1": 6354.6640625
  },
  "frame_path": "/home/featurize/AttackSAM2/data/DAVIS/JPEGImages/480p/motorbike/00000.jpg",
  "mask_path": "/home/featurize/AttackSAM2/data/DAVIS/Annotations_unsupervised/480p/motorbike/00000.png"
}