{
  "clean_iou": 0.9849117174959872,
  "clean_dice": 0.9923985120491671,
  "adv_iou": 0.021493432562272638,
  "adv_dice": 0.04208237053146663,
  "uap_linf": 0.030000001192092896,
  "uap_l2": 5.530960559844971,
  "uap_l1": 6603.93701171875,
  "delta_iou": 0.9634182849337145
}