{
  "clean_iou": 0.9421424962102072,
  "clean_dice": 0.9702094445167165,
  "adv_iou": 0.00293533868217271,
  "adv_dice": 0.005853495372951277,
  "uap_linf": 0.030000001192092896,
  "uap_l2": 53.17477035522461,
  "uap_l1": 94281.765625,
  "delta_iou": 0.9392071575280345
}