{
  "fgsm": {
    "best": {
      "score": 0.9672922829665372,
      "clean_iou": 0.9773685690188361,
      "adv_iou": 0.01007628605229878,
      "summary": {
        "attack_name": "fgsm",
        "sequence": "hike",
        "frame_idx": 0,
        "obj_id": 1,
        "gt_label": 1,
        "clean_iou": 0.9773685690188361,
        "clean_dice": 0.9885547735835644,
        "adv_iou": 0.01007628605229878,
        "adv_dice": 0.019951534733441034,
        "perturbation_norm": {
          "l2": 53.203575134277344,
          "linf": 0.030000001192092896,
          "l1": 94359.7734375
        }
      },
      "artifacts": {
        "clean": "/home/featurize/AttackSAM2/outputs/hike/fgsm/best_cases/fgsm/fgsm_hike_frame00000_obj1_clean.png",
        "adv": "/home/featurize/AttackSAM2/outputs/hike/fgsm/best_cases/fgsm/fgsm_hike_frame00000_obj1_adv.png",
        "perturbation": "/home/featurize/AttackSAM2/outputs/hike/fgsm/best_cases/fgsm/fgsm_hike_frame00000_obj1_perturbation.png"
      }
    },
    "worst": {
      "score": 0.9672922829665372,
      "clean_iou": 0.9773685690188361,
      "adv_iou": 0.01007628605229878,
      "summary": {
        "attack_name": "fgsm",
        "sequence": "hike",
        "frame_idx": 0,
        "obj_id": 1,
        "gt_label": 1,
        "clean_iou": 0.9773685690188361,
        "clean_dice": 0.9885547735835644,
        "adv_iou": 0.01007628605229878,
        "adv_dice": 0.019951534733441034,
        "perturbation_norm": {
          "l2": 53.203575134277344,
          "linf": 0.030000001192092896,
          "l1": 94359.7734375
        }
      },
      "artifacts": {
        "clean": "/home/featurize/AttackSAM2/outputs/hike/fgsm/worst_cases/fgsm/fgsm_hike_frame00000_obj1_clean.png",
        "adv": "/home/featurize/AttackSAM2/outputs/hike/fgsm/worst_cases/fgsm/fgsm_hike_frame00000_obj1_adv.png",
        "perturbation": "/home/featurize/AttackSAM2/outputs/hike/fgsm/worst_cases/fgsm/fgsm_hike_frame00000_obj1_perturbation.png"
      }
    }
  }
}