{
  "attack_name": "fgsm",
  "sequence": "hike",
  "frame_idx": 0,
  "obj_id": 1,
  "gt_label": 1,
  "clean_iou": 0.9773685690188361,
  "clean_dice": 0.9885547735835644,
  "adv_iou": 0.01007628605229878,
  "adv_dice": 0.019951534733441034,
  "perturbation_norm": {
    "l2": 53.203575134277344,
    "linf": 0.030000001192092896,
    "l1": 94359.7734375
  },
  "frame_path": "/home/featurize/AttackSAM2/data/DAVIS/JPEGImages/480p/hike/00000.jpg",
  "mask_path": "/home/featurize/AttackSAM2/data/DAVIS/Annotations_unsupervised/480p/hike/00000.png"
}