{
  "clean_iou": 0.9849117174959872,
  "clean_dice": 0.9923985120491671,
  "adv_iou": 0.02098968416028004,
  "adv_dice": 0.04111634913832288,
  "uap_linf": 0.030000001192092896,
  "uap_l2": 51.207069396972656,
  "uap_l1": 88628.875,
  "delta_iou": 0.9639220333357071
}