{
  "clean_iou": 0.9922464622641509,
  "clean_dice": 0.9961081433031949,
  "adv_iou": 0.015731444410224824,
  "adv_dice": 0.03097559792364042,
  "uap_linf": 0.030000001192092896,
  "uap_l2": 53.13832473754883,
  "uap_l1": 94162.3515625,
  "delta_iou": 0.9765150178539261
}