{
  "attack_name": "cw",
  "sequence": "breakdance-flare",
  "frame_idx": 0,
  "obj_id": 1,
  "gt_label": 1,
  "clean_iou": 0.9930596255282396,
  "clean_dice": 0.9965177286304614,
  "adv_iou": 0.014976379535631721,
  "adv_dice": 0.02951079421667657,
  "perturbation_norm": {
    "l2": 8.754356384277344,
    "linf": 0.030000030994415283,
    "l1": 11400.7177734375
  },
  "frame_path": "/home/featurize/AttackSAM2/data/DAVIS/JPEGImages/480p/breakdance-flare/00000.jpg",
  "mask_path": "/home/featurize/AttackSAM2/data/DAVIS/Annotations_unsupervised/480p/breakdance-flare/00000.png"
}