{
  "bim": {
    "best": {
      "score": 0.5394942368191977,
      "clean_iou": 0.9976920266994321,
      "adv_iou": 0.4581977898802344,
      "summary": {
        "attack_name": "bim",
        "sequence": "koala",
        "frame_idx": 0,
        "obj_id": 1,
        "gt_label": 1,
        "clean_iou": 0.9976920266994321,
        "clean_dice": 0.9988446801260047,
        "adv_iou": 0.4581977898802344,
        "adv_dice": 0.6284439505533298,
        "perturbation_norm": {
          "l2": 17.729188919067383,
          "linf": 0.010000020265579224,
          "l1": 31436.482421875
        }
      },
      "artifacts": {
        "clean": "/home/featurize/AttackSAM2/outputs/koala/bim/best_cases/bim/bim_koala_frame00000_obj1_clean.png",
        "adv": "/home/featurize/AttackSAM2/outputs/koala/bim/best_cases/bim/bim_koala_frame00000_obj1_adv.png",
        "perturbation": "/home/featurize/AttackSAM2/outputs/koala/bim/best_cases/bim/bim_koala_frame00000_obj1_perturbation.png"
      }
    },
    "worst": {
      "score": 0.5394942368191977,
      "clean_iou": 0.9976920266994321,
      "adv_iou": 0.4581977898802344,
      "summary": {
        "attack_name": "bim",
        "sequence": "koala",
        "frame_idx": 0,
        "obj_id": 1,
        "gt_label": 1,
        "clean_iou": 0.9976920266994321,
        "clean_dice": 0.9988446801260047,
        "adv_iou": 0.4581977898802344,
        "adv_dice": 0.6284439505533298,
        "perturbation_norm": {
          "l2": 17.729188919067383,
          "linf": 0.010000020265579224,
          "l1": 31436.482421875
        }
      },
      "artifacts": {
        "clean": "/home/featurize/AttackSAM2/outputs/koala/bim/worst_cases/bim/bim_koala_frame00000_obj1_clean.png",
        "adv": "/home/featurize/AttackSAM2/outputs/koala/bim/worst_cases/bim/bim_koala_frame00000_obj1_adv.png",
        "perturbation": "/home/featurize/AttackSAM2/outputs/koala/bim/worst_cases/bim/bim_koala_frame00000_obj1_perturbation.png"
      }
    }
  }
}