{
  "attack_name": "bim",
  "sequence": "koala",
  "frame_idx": 0,
  "obj_id": 1,
  "gt_label": 1,
  "clean_iou": 0.9976920266994321,
  "clean_dice": 0.9988446801260047,
  "adv_iou": 0.4581977898802344,
  "adv_dice": 0.6284439505533298,
  "perturbation_norm": {
    "l2": 17.729188919067383,
    "linf": 0.010000020265579224,
    "l1": 31436.482421875
  },
  "frame_path": "/home/featurize/AttackSAM2/data/DAVIS/JPEGImages/480p/koala/00000.jpg",
  "mask_path": "/home/featurize/AttackSAM2/data/DAVIS/Annotations_unsupervised/480p/koala/00000.png"
}