{
  "clean_iou": 0.9489795918367347,
  "clean_dice": 0.9738219895287958,
  "adv_iou": 0.003007439455495172,
  "adv_dice": 0.005996843766438716,
  "uap_linf": 4.76837158203125e-07,
  "uap_l2": 3.89505730709061e-05,
  "uap_l1": 0.010034877806901932,
  "delta_iou": 0.9459721523812396
}