{
  "attack_name": "cw",
  "sequence": "dog-gooses",
  "frame_idx": 0,
  "obj_id": 1,
  "gt_label": 1,
  "clean_iou": 0.9704033525405972,
  "clean_dice": 0.9849793965173468,
  "adv_iou": 0.0005204568454532312,
  "adv_dice": 0.001040372222061671,
  "perturbation_norm": {
    "l2": 2.663406849023886e-05,
    "linf": 5.066394805908203e-07,
    "l1": 0.029238514602184296
  },
  "frame_path": "/home/featurize/AttackSAM2/data/DAVIS/JPEGImages/480p/dog-gooses/00000.jpg",
  "mask_path": "/home/featurize/AttackSAM2/data/DAVIS/Annotations_unsupervised/480p/dog-gooses/00000.png"
}