{
  "clean_iou": 0.9753694581280788,
  "clean_dice": 0.9875311720698254,
  "adv_iou": 0.0005099439061703213,
  "adv_dice": 0.0010193679918450561,
  "uap_linf": 0.030000001192092896,
  "uap_l2": 52.55707550048828,
  "uap_l1": 92211.5625,
  "delta_iou": 0.9748595142219085
}