{
  "clean_iou": 0.9986495673959003,
  "clean_dice": 0.9993243274728449,
  "adv_iou": 0.04470250096069317,
  "adv_dice": 0.08557938919373775,
  "uap_linf": 0.030000001192092896,
  "uap_l2": 35.59388732910156,
  "uap_l1": 54159.68359375,
  "delta_iou": 0.9539470664352071
}