{
  "clean_iou": 0.9713098377687205,
  "clean_dice": 0.9854461426196943,
  "adv_iou": 0.0,
  "adv_dice": 0.0,
  "uap_linf": 0.030000001192092896,
  "uap_l2": 35.821136474609375,
  "uap_l1": 54655.00390625,
  "delta_iou": 0.9713098377687205
}