{
  "clean_iou": 0.9956156425187659,
  "clean_dice": 0.9978030050537685,
  "adv_iou": 4.6224605357431764e-06,
  "adv_dice": 9.24487833740108e-06,
  "uap_linf": 0.030000001192092896,
  "uap_l2": 35.806758880615234,
  "uap_l1": 54538.80078125,
  "delta_iou": 0.9956110200582301
}