{
  "clean_iou": 0.9775147928994082,
  "clean_dice": 0.9886295631358468,
  "adv_iou": 0.017941486289034626,
  "adv_dice": 0.035250525753580134,
  "uap_linf": 0.030000001192092896,
  "uap_l2": 5.042279243469238,
  "uap_l1": 5803.7705078125,
  "delta_iou": 0.9595733066103737
}