{
  "clean_iou": 0.9889995669120831,
  "clean_dice": 0.9944693637590907,
  "adv_iou": 0.18937230673381444,
  "adv_dice": 0.3184407534321322,
  "uap_linf": 0.030000001192092896,
  "uap_l2": 6.870187759399414,
  "uap_l1": 8733.1875,
  "delta_iou": 0.7996272601782687
}