{
  "clean_iou": 0.9976920266994321,
  "clean_dice": 0.9988446801260047,
  "adv_iou": 0.00014873934337021586,
  "adv_dice": 0.0002974344465361582,
  "uap_linf": 0.030000001192092896,
  "uap_l2": 34.159183502197266,
  "uap_l1": 52301.99609375,
  "delta_iou": 0.9975432873560619
}