{
  "pgd": {
    "best": {
      "score": 0.6440812749600598,
      "clean_iou": 0.6461182411108773,
      "adv_iou": 0.0020369661508175207,
      "summary": {
        "attack_name": "pgd",
        "sequence": "kite-walk",
        "frame_idx": 0,
        "obj_id": 1,
        "gt_label": 1,
        "clean_iou": 0.6461182411108773,
        "clean_dice": 0.7850204498977505,
        "adv_iou": 0.0020369661508175207,
        "adv_dice": 0.00406565070876025,
        "perturbation_norm": {
          "l2": 35.74488830566406,
          "linf": 0.030000001192092896,
          "l1": 54469.0859375
        }
      },
      "artifacts": {
        "clean": "/home/featurize/AttackSAM2/outputs/kite-walk/pgd/best_cases/pgd/pgd_kite-walk_frame00000_obj1_clean.png",
        "adv": "/home/featurize/AttackSAM2/outputs/kite-walk/pgd/best_cases/pgd/pgd_kite-walk_frame00000_obj1_adv.png",
        "perturbation": "/home/featurize/AttackSAM2/outputs/kite-walk/pgd/best_cases/pgd/pgd_kite-walk_frame00000_obj1_perturbation.png"
      }
    },
    "worst": {
      "score": 0.6440812749600598,
      "clean_iou": 0.6461182411108773,
      "adv_iou": 0.0020369661508175207,
      "summary": {
        "attack_name": "pgd",
        "sequence": "kite-walk",
        "frame_idx": 0,
        "obj_id": 1,
        "gt_label": 1,
        "clean_iou": 0.6461182411108773,
        "clean_dice": 0.7850204498977505,
        "adv_iou": 0.0020369661508175207,
        "adv_dice": 0.00406565070876025,
        "perturbation_norm": {
          "l2": 35.74488830566406,
          "linf": 0.030000001192092896,
          "l1": 54469.0859375
        }
      },
      "artifacts": {
        "clean": "/home/featurize/AttackSAM2/outputs/kite-walk/pgd/worst_cases/pgd/pgd_kite-walk_frame00000_obj1_clean.png",
        "adv": "/home/featurize/AttackSAM2/outputs/kite-walk/pgd/worst_cases/pgd/pgd_kite-walk_frame00000_obj1_adv.png",
        "perturbation": "/home/featurize/AttackSAM2/outputs/kite-walk/pgd/worst_cases/pgd/pgd_kite-walk_frame00000_obj1_perturbation.png"
      }
    }
  }
}