{
  "attack_name": "fgsm",
  "sequence": "elephant",
  "frame_idx": 0,
  "obj_id": 1,
  "gt_label": 1,
  "clean_iou": 0.9877403958635534,
  "clean_dice": 0.9938323917137476,
  "adv_iou": 0.01861874622592982,
  "adv_dice": 0.03655684974366293,
  "perturbation_norm": {
    "l2": 53.20627975463867,
    "linf": 0.030000001192092896,
    "l1": 94366.703125
  },
  "frame_path": "/home/featurize/AttackSAM2/data/DAVIS/JPEGImages/480p/elephant/00000.jpg",
  "mask_path": "/home/featurize/AttackSAM2/data/DAVIS/Annotations_unsupervised/480p/elephant/00000.png"
}