{
  "cw": {
    "best": {
      "score": 0.7996272601782687,
      "clean_iou": 0.9889995669120831,
      "adv_iou": 0.18937230673381444,
      "summary": {
        "attack_name": "cw",
        "sequence": "flamingo",
        "frame_idx": 0,
        "obj_id": 1,
        "gt_label": 1,
        "clean_iou": 0.9889995669120831,
        "clean_dice": 0.9944693637590907,
        "adv_iou": 0.18937230673381444,
        "adv_dice": 0.3184407534321322,
        "perturbation_norm": {
          "l2": 6.870187759399414,
          "linf": 0.030000001192092896,
          "l1": 8733.1875
        }
      },
      "artifacts": {
        "clean": "/home/featurize/AttackSAM2/outputs/flamingo/cw/best_cases/cw/cw_flamingo_frame00000_obj1_clean.png",
        "adv": "/home/featurize/AttackSAM2/outputs/flamingo/cw/best_cases/cw/cw_flamingo_frame00000_obj1_adv.png",
        "perturbation": "/home/featurize/AttackSAM2/outputs/flamingo/cw/best_cases/cw/cw_flamingo_frame00000_obj1_perturbation.png"
      }
    },
    "worst": {
      "score": 0.7996272601782687,
      "clean_iou": 0.9889995669120831,
      "adv_iou": 0.18937230673381444,
      "summary": {
        "attack_name": "cw",
        "sequence": "flamingo",
        "frame_idx": 0,
        "obj_id": 1,
        "gt_label": 1,
        "clean_iou": 0.9889995669120831,
        "clean_dice": 0.9944693637590907,
        "adv_iou": 0.18937230673381444,
        "adv_dice": 0.3184407534321322,
        "perturbation_norm": {
          "l2": 6.870187759399414,
          "linf": 0.030000001192092896,
          "l1": 8733.1875
        }
      },
      "artifacts": {
        "clean": "/home/featurize/AttackSAM2/outputs/flamingo/cw/worst_cases/cw/cw_flamingo_frame00000_obj1_clean.png",
        "adv": "/home/featurize/AttackSAM2/outputs/flamingo/cw/worst_cases/cw/cw_flamingo_frame00000_obj1_adv.png",
        "perturbation": "/home/featurize/AttackSAM2/outputs/flamingo/cw/worst_cases/cw/cw_flamingo_frame00000_obj1_perturbation.png"
      }
    }
  }
}