{
  "clean_iou": 0.9950230583078398,
  "clean_dice": 0.9975053212185018,
  "adv_iou": 0.06707275467859292,
  "adv_dice": 0.12571355492774347,
  "uap_linf": 0.030000001192092896,
  "uap_l2": 30.705793380737305,
  "uap_l1": 47168.328125,
  "delta_iou": 0.9279503036292469
}