{
  "cw": {
    "best": {
      "score": 0.6683209204178588,
      "clean_iou": 0.995620400124391,
      "adv_iou": 0.3272994797065322,
      "summary": {
        "attack_name": "cw",
        "sequence": "rhino",
        "frame_idx": 0,
        "obj_id": 1,
        "gt_label": 1,
        "clean_iou": 0.995620400124391,
        "clean_dice": 0.9978053943148025,
        "adv_iou": 0.3272994797065322,
        "adv_dice": 0.4931810562886661,
        "perturbation_norm": {
          "l2": 5.0982489585876465,
          "linf": 0.030000001192092896,
          "l1": 6169.7958984375
        }
      },
      "artifacts": {
        "clean": "/home/featurize/AttackSAM2/outputs/rhino/cw/best_cases/cw/cw_rhino_frame00000_obj1_clean.png",
        "adv": "/home/featurize/AttackSAM2/outputs/rhino/cw/best_cases/cw/cw_rhino_frame00000_obj1_adv.png",
        "perturbation": "/home/featurize/AttackSAM2/outputs/rhino/cw/best_cases/cw/cw_rhino_frame00000_obj1_perturbation.png"
      }
    },
    "worst": {
      "score": 0.6683209204178588,
      "clean_iou": 0.995620400124391,
      "adv_iou": 0.3272994797065322,
      "summary": {
        "attack_name": "cw",
        "sequence": "rhino",
        "frame_idx": 0,
        "obj_id": 1,
        "gt_label": 1,
        "clean_iou": 0.995620400124391,
        "clean_dice": 0.9978053943148025,
        "adv_iou": 0.3272994797065322,
        "adv_dice": 0.4931810562886661,
        "perturbation_norm": {
          "l2": 5.0982489585876465,
          "linf": 0.030000001192092896,
          "l1": 6169.7958984375
        }
      },
      "artifacts": {
        "clean": "/home/featurize/AttackSAM2/outputs/rhino/cw/worst_cases/cw/cw_rhino_frame00000_obj1_clean.png",
        "adv": "/home/featurize/AttackSAM2/outputs/rhino/cw/worst_cases/cw/cw_rhino_frame00000_obj1_adv.png",
        "perturbation": "/home/featurize/AttackSAM2/outputs/rhino/cw/worst_cases/cw/cw_rhino_frame00000_obj1_perturbation.png"
      }
    }
  }
}