{
  "attack_name": "bim",
  "sequence": "longboard",
  "frame_idx": 0,
  "obj_id": 1,
  "gt_label": 1,
  "clean_iou": 0.9883999401287232,
  "clean_dice": 0.9941661334638112,
  "adv_iou": 0.0023048846578258343,
  "adv_dice": 0.004599168762133076,
  "perturbation_norm": {
    "l2": 35.51511764526367,
    "linf": 0.030000001192092896,
    "l1": 53850.55859375
  },
  "frame_path": "/home/featurize/AttackSAM2/data/DAVIS/JPEGImages/480p/longboard/00000.jpg",
  "mask_path": "/home/featurize/AttackSAM2/data/DAVIS/Annotations_unsupervised/480p/longboard/00000.png"
}