{
  "clean_iou": 0.9930596255282396,
  "clean_dice": 0.9965177286304614,
  "adv_iou": 0.0021918678526048284,
  "adv_dice": 0.0043741481504960536,
  "uap_linf": 0.030000001192092896,
  "uap_l2": 35.74146270751953,
  "uap_l1": 54534.96484375,
  "delta_iou": 0.9908677576756347
}