{
  "attack_name": "fgsm",
  "sequence": "bus",
  "frame_idx": 0,
  "obj_id": 1,
  "gt_label": 1,
  "clean_iou": 0.9948217616445146,
  "clean_dice": 0.9974041598828276,
  "adv_iou": 6.574333800841515e-05,
  "adv_dice": 0.0001314780322121179,
  "perturbation_norm": {
    "l2": 52.613216400146484,
    "linf": 0.030000001192092896,
    "l1": 92603.875
  },
  "frame_path": "/home/featurize/AttackSAM2/data/DAVIS/JPEGImages/480p/bus/00000.jpg",
  "mask_path": "/home/featurize/AttackSAM2/data/DAVIS/Annotations_unsupervised/480p/bus/00000.png"
}