{
  "clean_iou": 0.9956156425187659,
  "clean_dice": 0.9978030050537685,
  "adv_iou": 0.10433548897980731,
  "adv_dice": 0.18895614606426014,
  "uap_linf": 0.029999971389770508,
  "uap_l2": 8.52592945098877,
  "uap_l1": 11344.318359375,
  "delta_iou": 0.8912801535389586
}