{
  "clean_iou": 0.9775147928994082,
  "clean_dice": 0.9886295631358468,
  "adv_iou": 0.00301394197662698,
  "adv_dice": 0.0060097708526113645,
  "uap_linf": 0.010000020265579224,
  "uap_l2": 17.586153030395508,
  "uap_l1": 30974.458984375,
  "delta_iou": 0.9745008509227813
}