{
  "clean_iou": 0.9794688500062342,
  "clean_dice": 0.9896279499454103,
  "adv_iou": 0.0,
  "adv_dice": 0.0,
  "uap_linf": 0.030000001192092896,
  "uap_l2": 35.76398849487305,
  "uap_l1": 54608.2890625,
  "delta_iou": 0.9794688500062342
}