{
  "clean_iou": 0.9370529327610873,
  "clean_dice": 0.9675036927621861,
  "adv_iou": 0.0,
  "adv_dice": 0.0,
  "uap_linf": 5.066394805908203e-07,
  "uap_l2": 2.0041830794070847e-05,
  "uap_l1": 0.01242923829704523,
  "delta_iou": 0.9370529327610873
}