{
  "attack_name": "fgsm",
  "sequence": "hockey",
  "frame_idx": 0,
  "obj_id": 1,
  "gt_label": 1,
  "clean_iou": 0.985164931060562,
  "clean_dice": 0.9925270345514755,
  "adv_iou": 0.07736814935902951,
  "adv_dice": 0.14362434865938628,
  "perturbation_norm": {
    "l2": 52.81458282470703,
    "linf": 0.030000001192092896,
    "l1": 93174.15625
  },
  "frame_path": "/home/featurize/AttackSAM2/data/DAVIS/JPEGImages/480p/hockey/00000.jpg",
  "mask_path": "/home/featurize/AttackSAM2/data/DAVIS/Annotations_unsupervised/480p/hockey/00000.png"
}