{
  "attack_name": "pgd",
  "sequence": "kid-football",
  "frame_idx": 0,
  "obj_id": 1,
  "gt_label": 1,
  "clean_iou": 0.9986495673959003,
  "clean_dice": 0.9993243274728449,
  "adv_iou": 0.04470250096069317,
  "adv_dice": 0.08557938919373775,
  "perturbation_norm": {
    "l2": 35.59388732910156,
    "linf": 0.030000001192092896,
    "l1": 54159.68359375
  },
  "frame_path": "/home/featurize/AttackSAM2/data/DAVIS/JPEGImages/480p/kid-football/00000.jpg",
  "mask_path": "/home/featurize/AttackSAM2/data/DAVIS/Annotations_unsupervised/480p/kid-football/00000.png"
}