{
  "clean_iou": 0.9889761052753088,
  "clean_dice": 0.9944575026841938,
  "adv_iou": 0.0,
  "adv_dice": 0.0,
  "uap_linf": 0.030000001192092896,
  "uap_l2": 35.65027618408203,
  "uap_l1": 54252.19140625,
  "delta_iou": 0.9889761052753088
}