{
  "attack_name": "bim",
  "sequence": "lucia",
  "frame_idx": 0,
  "obj_id": 1,
  "gt_label": 1,
  "clean_iou": 0.9610938989513823,
  "clean_dice": 0.9801610208111803,
  "adv_iou": 0.014584797407147127,
  "adv_dice": 0.028750277836647558,
  "perturbation_norm": {
    "l2": 35.65273666381836,
    "linf": 0.030000001192092896,
    "l1": 54159.28125
  },
  "frame_path": "/home/featurize/AttackSAM2/data/DAVIS/JPEGImages/480p/lucia/00000.jpg",
  "mask_path": "/home/featurize/AttackSAM2/data/DAVIS/Annotations_unsupervised/480p/lucia/00000.png"
}