{
  "clean_iou": 0.985164931060562,
  "clean_dice": 0.9925270345514755,
  "adv_iou": 0.04408059290981753,
  "adv_dice": 0.08443906190606684,
  "uap_linf": 0.029999971389770508,
  "uap_l2": 6.155144214630127,
  "uap_l1": 7291.1015625,
  "delta_iou": 0.9410843381507445
}