{
  "clean_iou": 0.985164931060562,
  "clean_dice": 0.9925270345514755,
  "adv_iou": 0.07736814935902951,
  "adv_dice": 0.14362434865938628,
  "uap_linf": 0.030000001192092896,
  "uap_l2": 52.81458282470703,
  "uap_l1": 93174.15625,
  "delta_iou": 0.9077967817015326
}