{
  "clean_iou": 0.9608239095315024,
  "clean_dice": 0.9800205973223481,
  "adv_iou": 0.0,
  "adv_dice": 0.0,
  "uap_linf": 0.030000001192092896,
  "uap_l2": 35.70053482055664,
  "uap_l1": 54469.859375,
  "delta_iou": 0.9608239095315024
}