{
  "attack_name": "bim",
  "sequence": "kid-football",
  "frame_idx": 0,
  "obj_id": 1,
  "gt_label": 1,
  "clean_iou": 0.9986495673959003,
  "clean_dice": 0.9993243274728449,
  "adv_iou": 0.016910891554743866,
  "adv_dice": 0.03325933805053261,
  "perturbation_norm": {
    "l2": 35.75999069213867,
    "linf": 0.030000001192092896,
    "l1": 54439.140625
  },
  "frame_path": "/home/featurize/AttackSAM2/data/DAVIS/JPEGImages/480p/kid-football/00000.jpg",
  "mask_path": "/home/featurize/AttackSAM2/data/DAVIS/Annotations_unsupervised/480p/kid-football/00000.png"
}