{
  "clean_iou": 0.9987244817017064,
  "clean_dice": 0.9993618338545552,
  "adv_iou": 0.002134454950880603,
  "adv_dice": 0.004259817513180351,
  "uap_linf": 0.029999971389770508,
  "uap_l2": 6.094679355621338,
  "uap_l1": 7651.158203125,
  "delta_iou": 0.9965900267508258
}