{
  "attack_name": "cw",
  "sequence": "bear",
  "frame_idx": 0,
  "obj_id": 1,
  "gt_label": 1,
  "clean_iou": 0.9899157621901831,
  "clean_dice": 0.9949323292968353,
  "adv_iou": 0.24609178804620793,
  "adv_dice": 0.3949817989444647,
  "perturbation_norm": {
    "l2": 8.761963844299316,
    "linf": 0.029999971389770508,
    "l1": 12011.9609375
  },
  "frame_path": "/home/featurize/AttackSAM2/data/DAVIS/JPEGImages/480p/bear/00000.jpg",
  "mask_path": "/home/featurize/AttackSAM2/data/DAVIS/Annotations_unsupervised/480p/bear/00000.png"
}