{
  "cw": {
    "best": {
      "score": 0.9902040172021336,
      "clean_iou": 0.9953177257525083,
      "adv_iou": 0.005113708550374793,
      "summary": {
        "attack_name": "cw",
        "sequence": "dog-agility",
        "frame_idx": 0,
        "obj_id": 1,
        "gt_label": 1,
        "clean_iou": 0.9953177257525083,
        "clean_dice": 0.9976533690915186,
        "adv_iou": 0.005113708550374793,
        "adv_dice": 0.010175383156896823,
        "perturbation_norm": {
          "l2": 5.2068352699279785,
          "linf": 0.029999971389770508,
          "l1": 6224.31396484375
        }
      },
      "artifacts": {
        "clean": "/home/featurize/AttackSAM2/outputs/dog-agility/cw/best_cases/cw/cw_dog-agility_frame00000_obj1_clean.png",
        "adv": "/home/featurize/AttackSAM2/outputs/dog-agility/cw/best_cases/cw/cw_dog-agility_frame00000_obj1_adv.png",
        "perturbation": "/home/featurize/AttackSAM2/outputs/dog-agility/cw/best_cases/cw/cw_dog-agility_frame00000_obj1_perturbation.png"
      }
    },
    "worst": {
      "score": 0.9902040172021336,
      "clean_iou": 0.9953177257525083,
      "adv_iou": 0.005113708550374793,
      "summary": {
        "attack_name": "cw",
        "sequence": "dog-agility",
        "frame_idx": 0,
        "obj_id": 1,
        "gt_label": 1,
        "clean_iou": 0.9953177257525083,
        "clean_dice": 0.9976533690915186,
        "adv_iou": 0.005113708550374793,
        "adv_dice": 0.010175383156896823,
        "perturbation_norm": {
          "l2": 5.2068352699279785,
          "linf": 0.029999971389770508,
          "l1": 6224.31396484375
        }
      },
      "artifacts": {
        "clean": "/home/featurize/AttackSAM2/outputs/dog-agility/cw/worst_cases/cw/cw_dog-agility_frame00000_obj1_clean.png",
        "adv": "/home/featurize/AttackSAM2/outputs/dog-agility/cw/worst_cases/cw/cw_dog-agility_frame00000_obj1_adv.png",
        "perturbation": "/home/featurize/AttackSAM2/outputs/dog-agility/cw/worst_cases/cw/cw_dog-agility_frame00000_obj1_perturbation.png"
      }
    }
  }
}