{
  "attack_name": "cw",
  "sequence": "dog-agility",
  "frame_idx": 0,
  "obj_id": 1,
  "gt_label": 1,
  "clean_iou": 0.9953177257525083,
  "clean_dice": 0.9976533690915186,
  "adv_iou": 0.005113708550374793,
  "adv_dice": 0.010175383156896823,
  "perturbation_norm": {
    "l2": 5.2068352699279785,
    "linf": 0.029999971389770508,
    "l1": 6224.31396484375
  },
  "frame_path": "/home/featurize/AttackSAM2/data/DAVIS/JPEGImages/480p/dog-agility/00000.jpg",
  "mask_path": "/home/featurize/AttackSAM2/data/DAVIS/Annotations_unsupervised/480p/dog-agility/00000.png"
}