{
  "attack_name": "fgsm",
  "sequence": "planes-water",
  "frame_idx": 0,
  "obj_id": 1,
  "gt_label": 1,
  "clean_iou": 0.9872018497484991,
  "clean_dice": 0.9935597129938659,
  "adv_iou": 0.2470698688633817,
  "adv_dice": 0.3962406197634602,
  "perturbation_norm": {
    "l2": 53.20763397216797,
    "linf": 0.030000001192092896,
    "l1": 94369.484375
  },
  "frame_path": "/home/featurize/AttackSAM2/data/DAVIS/JPEGImages/480p/planes-water/00000.jpg",
  "mask_path": "/home/featurize/AttackSAM2/data/DAVIS/Annotations_unsupervised/480p/planes-water/00000.png"
}