{
  "attack_name": "bim",
  "sequence": "color-run",
  "frame_idx": 0,
  "obj_id": 1,
  "gt_label": 1,
  "clean_iou": 0.9918718737976144,
  "clean_dice": 0.9959193528914645,
  "adv_iou": 0.0021534587861118475,
  "adv_dice": 0.004297662732652319,
  "perturbation_norm": {
    "l2": 30.546981811523438,
    "linf": 0.030000001192092896,
    "l1": 46882.76953125
  },
  "frame_path": "/home/featurize/AttackSAM2/data/DAVIS/JPEGImages/480p/color-run/00000.jpg",
  "mask_path": "/home/featurize/AttackSAM2/data/DAVIS/Annotations_unsupervised/480p/color-run/00000.png"
}