{
  "attack_name": "bim",
  "sequence": "elephant",
  "frame_idx": 0,
  "obj_id": 1,
  "gt_label": 1,
  "clean_iou": 0.9877403958635534,
  "clean_dice": 0.9938323917137476,
  "adv_iou": 0.00016136336426998693,
  "adv_dice": 0.0003226746606711633,
  "perturbation_norm": {
    "l2": 35.78996658325195,
    "linf": 0.030000001192092896,
    "l1": 54589.23828125
  },
  "frame_path": "/home/featurize/AttackSAM2/data/DAVIS/JPEGImages/480p/elephant/00000.jpg",
  "mask_path": "/home/featurize/AttackSAM2/data/DAVIS/Annotations_unsupervised/480p/elephant/00000.png"
}