{
  "cw": {
    "best": {
      "score": 0.9708140192049968,
      "clean_iou": 0.9825916769674495,
      "adv_iou": 0.011777657762452744,
      "summary": {
        "attack_name": "cw",
        "sequence": "lindy-hop",
        "frame_idx": 0,
        "obj_id": 1,
        "gt_label": 1,
        "clean_iou": 0.9825916769674495,
        "clean_dice": 0.9912194108172703,
        "adv_iou": 0.011777657762452744,
        "adv_dice": 0.023281118479131165,
        "perturbation_norm": {
          "l2": 5.879902362823486,
          "linf": 0.030000001192092896,
          "l1": 6806.2392578125
        }
      },
      "artifacts": {
        "clean": "/home/featurize/AttackSAM2/outputs/lindy-hop/cw/best_cases/cw/cw_lindy-hop_frame00000_obj1_clean.png",
        "adv": "/home/featurize/AttackSAM2/outputs/lindy-hop/cw/best_cases/cw/cw_lindy-hop_frame00000_obj1_adv.png",
        "perturbation": "/home/featurize/AttackSAM2/outputs/lindy-hop/cw/best_cases/cw/cw_lindy-hop_frame00000_obj1_perturbation.png"
      }
    },
    "worst": {
      "score": 0.9708140192049968,
      "clean_iou": 0.9825916769674495,
      "adv_iou": 0.011777657762452744,
      "summary": {
        "attack_name": "cw",
        "sequence": "lindy-hop",
        "frame_idx": 0,
        "obj_id": 1,
        "gt_label": 1,
        "clean_iou": 0.9825916769674495,
        "clean_dice": 0.9912194108172703,
        "adv_iou": 0.011777657762452744,
        "adv_dice": 0.023281118479131165,
        "perturbation_norm": {
          "l2": 5.879902362823486,
          "linf": 0.030000001192092896,
          "l1": 6806.2392578125
        }
      },
      "artifacts": {
        "clean": "/home/featurize/AttackSAM2/outputs/lindy-hop/cw/worst_cases/cw/cw_lindy-hop_frame00000_obj1_clean.png",
        "adv": "/home/featurize/AttackSAM2/outputs/lindy-hop/cw/worst_cases/cw/cw_lindy-hop_frame00000_obj1_adv.png",
        "perturbation": "/home/featurize/AttackSAM2/outputs/lindy-hop/cw/worst_cases/cw/cw_lindy-hop_frame00000_obj1_perturbation.png"
      }
    }
  }
}