{
  "attack_name": "cw",
  "sequence": "lindy-hop",
  "frame_idx": 0,
  "obj_id": 1,
  "gt_label": 1,
  "clean_iou": 0.9825916769674495,
  "clean_dice": 0.9912194108172703,
  "adv_iou": 0.011777657762452744,
  "adv_dice": 0.023281118479131165,
  "perturbation_norm": {
    "l2": 5.879902362823486,
    "linf": 0.030000001192092896,
    "l1": 6806.2392578125
  },
  "frame_path": "/home/featurize/AttackSAM2/data/DAVIS/JPEGImages/480p/lindy-hop/00000.jpg",
  "mask_path": "/home/featurize/AttackSAM2/data/DAVIS/Annotations_unsupervised/480p/lindy-hop/00000.png"
}