{
  "attack_name": "fgsm",
  "sequence": "lady-running",
  "frame_idx": 0,
  "obj_id": 1,
  "gt_label": 1,
  "clean_iou": 0.9969887280767196,
  "clean_dice": 0.9984920936803782,
  "adv_iou": 0.03571711203144372,
  "adv_dice": 0.0689707867457912,
  "perturbation_norm": {
    "l2": 52.341739654541016,
    "linf": 0.030000001192092896,
    "l1": 91972.1171875
  },
  "frame_path": "/home/featurize/AttackSAM2/data/DAVIS/JPEGImages/480p/lady-running/00000.jpg",
  "mask_path": "/home/featurize/AttackSAM2/data/DAVIS/Annotations_unsupervised/480p/lady-running/00000.png"
}