{
  "cw": {
    "best": {
      "score": 0.996586169258037,
      "clean_iou": 0.9976920266994321,
      "adv_iou": 0.0011058574413950987,
      "summary": {
        "attack_name": "cw",
        "sequence": "koala",
        "frame_idx": 0,
        "obj_id": 1,
        "gt_label": 1,
        "clean_iou": 0.9976920266994321,
        "clean_dice": 0.9988446801260047,
        "adv_iou": 0.0011058574413950987,
        "adv_dice": 0.0022092717431929235,
        "perturbation_norm": {
          "l2": 8.856907844543457,
          "linf": 0.029999971389770508,
          "l1": 11885.5087890625
        }
      },
      "artifacts": {
        "clean": "/home/featurize/AttackSAM2/outputs/koala/cw/best_cases/cw/cw_koala_frame00000_obj1_clean.png",
        "adv": "/home/featurize/AttackSAM2/outputs/koala/cw/best_cases/cw/cw_koala_frame00000_obj1_adv.png",
        "perturbation": "/home/featurize/AttackSAM2/outputs/koala/cw/best_cases/cw/cw_koala_frame00000_obj1_perturbation.png"
      }
    },
    "worst": {
      "score": 0.996586169258037,
      "clean_iou": 0.9976920266994321,
      "adv_iou": 0.0011058574413950987,
      "summary": {
        "attack_name": "cw",
        "sequence": "koala",
        "frame_idx": 0,
        "obj_id": 1,
        "gt_label": 1,
        "clean_iou": 0.9976920266994321,
        "clean_dice": 0.9988446801260047,
        "adv_iou": 0.0011058574413950987,
        "adv_dice": 0.0022092717431929235,
        "perturbation_norm": {
          "l2": 8.856907844543457,
          "linf": 0.029999971389770508,
          "l1": 11885.5087890625
        }
      },
      "artifacts": {
        "clean": "/home/featurize/AttackSAM2/outputs/koala/cw/worst_cases/cw/cw_koala_frame00000_obj1_clean.png",
        "adv": "/home/featurize/AttackSAM2/outputs/koala/cw/worst_cases/cw/cw_koala_frame00000_obj1_adv.png",
        "perturbation": "/home/featurize/AttackSAM2/outputs/koala/cw/worst_cases/cw/cw_koala_frame00000_obj1_perturbation.png"
      }
    }
  }
}