{
  "attack_name": "cw",
  "sequence": "koala",
  "frame_idx": 0,
  "obj_id": 1,
  "gt_label": 1,
  "clean_iou": 0.9976920266994321,
  "clean_dice": 0.9988446801260047,
  "adv_iou": 0.0011058574413950987,
  "adv_dice": 0.0022092717431929235,
  "perturbation_norm": {
    "l2": 8.856907844543457,
    "linf": 0.029999971389770508,
    "l1": 11885.5087890625
  },
  "frame_path": "/home/featurize/AttackSAM2/data/DAVIS/JPEGImages/480p/koala/00000.jpg",
  "mask_path": "/home/featurize/AttackSAM2/data/DAVIS/Annotations_unsupervised/480p/koala/00000.png"
}