{
  "attack_name": "fgsm",
  "sequence": "boxing-fisheye",
  "frame_idx": 0,
  "obj_id": 1,
  "gt_label": 1,
  "clean_iou": 0.9908900354724283,
  "clean_dice": 0.9954241749341972,
  "adv_iou": 0.0020300446609825416,
  "adv_dice": 0.004051863857374392,
  "perturbation_norm": {
    "l2": 52.248409271240234,
    "linf": 0.030000001192092896,
    "l1": 91248.625
  },
  "frame_path": "/home/featurize/AttackSAM2/data/DAVIS/JPEGImages/480p/boxing-fisheye/00000.jpg",
  "mask_path": "/home/featurize/AttackSAM2/data/DAVIS/Annotations_unsupervised/480p/boxing-fisheye/00000.png"
}