{
  "clean_iou": 0.9908900354724283,
  "clean_dice": 0.9954241749341972,
  "adv_iou": 0.0,
  "adv_dice": 0.0,
  "uap_linf": 0.030000001192092896,
  "uap_l2": 35.08113098144531,
  "uap_l1": 52786.0390625,
  "delta_iou": 0.9908900354724283
}