{
  "clean_iou": 0.9773685690188361,
  "clean_dice": 0.9885547735835644,
  "adv_iou": 0.03075993100025064,
  "adv_dice": 0.05968398668815379,
  "uap_linf": 0.030000001192092896,
  "uap_l2": 6.0871148109436035,
  "uap_l1": 8072.859375,
  "delta_iou": 0.9466086380185854
}