{
  "cw": {
    "best": {
      "score": 0.6708303032764114,
      "clean_iou": 0.9948217616445146,
      "adv_iou": 0.3239914583681033,
      "summary": {
        "attack_name": "cw",
        "sequence": "bus",
        "frame_idx": 0,
        "obj_id": 1,
        "gt_label": 1,
        "clean_iou": 0.9948217616445146,
        "clean_dice": 0.9974041598828276,
        "adv_iou": 0.3239914583681033,
        "adv_dice": 0.4894162365177818,
        "perturbation_norm": {
          "l2": 9.822443962097168,
          "linf": 0.030000001192092896,
          "l1": 12492.2265625
        }
      },
      "artifacts": {
        "clean": "/home/featurize/AttackSAM2/outputs/bus/cw/best_cases/cw/cw_bus_frame00000_obj1_clean.png",
        "adv": "/home/featurize/AttackSAM2/outputs/bus/cw/best_cases/cw/cw_bus_frame00000_obj1_adv.png",
        "perturbation": "/home/featurize/AttackSAM2/outputs/bus/cw/best_cases/cw/cw_bus_frame00000_obj1_perturbation.png"
      }
    },
    "worst": {
      "score": 0.6708303032764114,
      "clean_iou": 0.9948217616445146,
      "adv_iou": 0.3239914583681033,
      "summary": {
        "attack_name": "cw",
        "sequence": "bus",
        "frame_idx": 0,
        "obj_id": 1,
        "gt_label": 1,
        "clean_iou": 0.9948217616445146,
        "clean_dice": 0.9974041598828276,
        "adv_iou": 0.3239914583681033,
        "adv_dice": 0.4894162365177818,
        "perturbation_norm": {
          "l2": 9.822443962097168,
          "linf": 0.030000001192092896,
          "l1": 12492.2265625
        }
      },
      "artifacts": {
        "clean": "/home/featurize/AttackSAM2/outputs/bus/cw/worst_cases/cw/cw_bus_frame00000_obj1_clean.png",
        "adv": "/home/featurize/AttackSAM2/outputs/bus/cw/worst_cases/cw/cw_bus_frame00000_obj1_adv.png",
        "perturbation": "/home/featurize/AttackSAM2/outputs/bus/cw/worst_cases/cw/cw_bus_frame00000_obj1_perturbation.png"
      }
    }
  }
}