{
  "attack_name": "cw",
  "sequence": "bus",
  "frame_idx": 0,
  "obj_id": 1,
  "gt_label": 1,
  "clean_iou": 0.9948217616445146,
  "clean_dice": 0.9974041598828276,
  "adv_iou": 0.3239914583681033,
  "adv_dice": 0.4894162365177818,
  "perturbation_norm": {
    "l2": 9.822443962097168,
    "linf": 0.030000001192092896,
    "l1": 12492.2265625
  },
  "frame_path": "/home/featurize/AttackSAM2/data/DAVIS/JPEGImages/480p/bus/00000.jpg",
  "mask_path": "/home/featurize/AttackSAM2/data/DAVIS/Annotations_unsupervised/480p/bus/00000.png"
}