{
  "clean_iou": 0.6461182411108773,
  "clean_dice": 0.7850204498977505,
  "adv_iou": 0.13871819989907086,
  "adv_dice": 0.24363920750782064,
  "uap_linf": 0.029999971389770508,
  "uap_l2": 3.9525339603424072,
  "uap_l1": 4321.91357421875,
  "delta_iou": 0.5074000412118065
}