{
  "clean_iou": 0.9860120680197477,
  "clean_dice": 0.9929567739262533,
  "adv_iou": 0.0,
  "adv_dice": 0.0,
  "uap_linf": 0.029999971389770508,
  "uap_l2": 5.321154594421387,
  "uap_l1": 6124.5751953125,
  "delta_iou": 0.9860120680197477
}