{
  "attack_name": "fgsm",
  "sequence": "car-turn",
  "frame_idx": 0,
  "obj_id": 1,
  "gt_label": 1,
  "clean_iou": 0.9860120680197477,
  "clean_dice": 0.9929567739262533,
  "adv_iou": 9.789605071015427e-05,
  "adv_dice": 0.00019577293602303594,
  "perturbation_norm": {
    "l2": 53.17326736450195,
    "linf": 0.030000001192092896,
    "l1": 94277.53125
  },
  "frame_path": "/home/featurize/AttackSAM2/data/DAVIS/JPEGImages/480p/car-turn/00000.jpg",
  "mask_path": "/home/featurize/AttackSAM2/data/DAVIS/Annotations_unsupervised/480p/car-turn/00000.png"
}