{
  "clean_iou": 0.9976920266994321,
  "clean_dice": 0.9988446801260047,
  "adv_iou": 0.0011058574413950987,
  "adv_dice": 0.0022092717431929235,
  "uap_linf": 0.029999971389770508,
  "uap_l2": 8.856907844543457,
  "uap_l1": 11885.5087890625,
  "delta_iou": 0.996586169258037
}