{
  "clean_iou": 0.9773685690188361,
  "clean_dice": 0.9885547735835644,
  "adv_iou": 0.01007628605229878,
  "adv_dice": 0.019951534733441034,
  "uap_linf": 0.030000001192092896,
  "uap_l2": 53.203575134277344,
  "uap_l1": 94359.7734375,
  "delta_iou": 0.9672922829665372
}