{
  "cw": {
    "best": {
      "score": 0.9965900267508258,
      "clean_iou": 0.9987244817017064,
      "adv_iou": 0.002134454950880603,
      "summary": {
        "attack_name": "cw",
        "sequence": "disc-jockey",
        "frame_idx": 0,
        "obj_id": 1,
        "gt_label": 1,
        "clean_iou": 0.9987244817017064,
        "clean_dice": 0.9993618338545552,
        "adv_iou": 0.002134454950880603,
        "adv_dice": 0.004259817513180351,
        "perturbation_norm": {
          "l2": 6.094679355621338,
          "linf": 0.029999971389770508,
          "l1": 7651.158203125
        }
      },
      "artifacts": {
        "clean": "/home/featurize/AttackSAM2/outputs/disc-jockey/cw/best_cases/cw/cw_disc-jockey_frame00000_obj1_clean.png",
        "adv": "/home/featurize/AttackSAM2/outputs/disc-jockey/cw/best_cases/cw/cw_disc-jockey_frame00000_obj1_adv.png",
        "perturbation": "/home/featurize/AttackSAM2/outputs/disc-jockey/cw/best_cases/cw/cw_disc-jockey_frame00000_obj1_perturbation.png"
      }
    },
    "worst": {
      "score": 0.9965900267508258,
      "clean_iou": 0.9987244817017064,
      "adv_iou": 0.002134454950880603,
      "summary": {
        "attack_name": "cw",
        "sequence": "disc-jockey",
        "frame_idx": 0,
        "obj_id": 1,
        "gt_label": 1,
        "clean_iou": 0.9987244817017064,
        "clean_dice": 0.9993618338545552,
        "adv_iou": 0.002134454950880603,
        "adv_dice": 0.004259817513180351,
        "perturbation_norm": {
          "l2": 6.094679355621338,
          "linf": 0.029999971389770508,
          "l1": 7651.158203125
        }
      },
      "artifacts": {
        "clean": "/home/featurize/AttackSAM2/outputs/disc-jockey/cw/worst_cases/cw/cw_disc-jockey_frame00000_obj1_clean.png",
        "adv": "/home/featurize/AttackSAM2/outputs/disc-jockey/cw/worst_cases/cw/cw_disc-jockey_frame00000_obj1_adv.png",
        "perturbation": "/home/featurize/AttackSAM2/outputs/disc-jockey/cw/worst_cases/cw/cw_disc-jockey_frame00000_obj1_perturbation.png"
      }
    }
  }
}