{
  "attack_name": "cw",
  "sequence": "disc-jockey",
  "frame_idx": 0,
  "obj_id": 1,
  "gt_label": 1,
  "clean_iou": 0.9987244817017064,
  "clean_dice": 0.9993618338545552,
  "adv_iou": 0.002134454950880603,
  "adv_dice": 0.004259817513180351,
  "perturbation_norm": {
    "l2": 6.094679355621338,
    "linf": 0.029999971389770508,
    "l1": 7651.158203125
  },
  "frame_path": "/home/featurize/AttackSAM2/data/DAVIS/JPEGImages/480p/disc-jockey/00000.jpg",
  "mask_path": "/home/featurize/AttackSAM2/data/DAVIS/Annotations_unsupervised/480p/disc-jockey/00000.png"
}