{
  "attack_name": "fgsm",
  "sequence": "dog-agility",
  "frame_idx": 0,
  "obj_id": 1,
  "gt_label": 1,
  "clean_iou": 0.9953177257525083,
  "clean_dice": 0.9976533690915186,
  "adv_iou": 1.5937270901730786e-05,
  "adv_dice": 3.187403381834988e-05,
  "perturbation_norm": {
    "l2": 52.69792556762695,
    "linf": 0.030000001192092896,
    "l1": 92939.390625
  },
  "frame_path": "/home/featurize/AttackSAM2/data/DAVIS/JPEGImages/480p/dog-agility/00000.jpg",
  "mask_path": "/home/featurize/AttackSAM2/data/DAVIS/Annotations_unsupervised/480p/dog-agility/00000.png"
}