{
  "pgd": {
    "best": {
      "score": 0.9889045542442636,
      "clean_iou": 0.995620400124391,
      "adv_iou": 0.006715845880127426,
      "summary": {
        "attack_name": "pgd",
        "sequence": "rhino",
        "frame_idx": 0,
        "obj_id": 1,
        "gt_label": 1,
        "clean_iou": 0.995620400124391,
        "clean_dice": 0.9978053943148025,
        "adv_iou": 0.006715845880127426,
        "adv_dice": 0.013342088351169354,
        "perturbation_norm": {
          "l2": 35.78751754760742,
          "linf": 0.030000001192092896,
          "l1": 54716.5546875
        }
      },
      "artifacts": {
        "clean": "/home/featurize/AttackSAM2/outputs/rhino/pgd/best_cases/pgd/pgd_rhino_frame00000_obj1_clean.png",
        "adv": "/home/featurize/AttackSAM2/outputs/rhino/pgd/best_cases/pgd/pgd_rhino_frame00000_obj1_adv.png",
        "perturbation": "/home/featurize/AttackSAM2/outputs/rhino/pgd/best_cases/pgd/pgd_rhino_frame00000_obj1_perturbation.png"
      }
    },
    "worst": {
      "score": 0.9889045542442636,
      "clean_iou": 0.995620400124391,
      "adv_iou": 0.006715845880127426,
      "summary": {
        "attack_name": "pgd",
        "sequence": "rhino",
        "frame_idx": 0,
        "obj_id": 1,
        "gt_label": 1,
        "clean_iou": 0.995620400124391,
        "clean_dice": 0.9978053943148025,
        "adv_iou": 0.006715845880127426,
        "adv_dice": 0.013342088351169354,
        "perturbation_norm": {
          "l2": 35.78751754760742,
          "linf": 0.030000001192092896,
          "l1": 54716.5546875
        }
      },
      "artifacts": {
        "clean": "/home/featurize/AttackSAM2/outputs/rhino/pgd/worst_cases/pgd/pgd_rhino_frame00000_obj1_clean.png",
        "adv": "/home/featurize/AttackSAM2/outputs/rhino/pgd/worst_cases/pgd/pgd_rhino_frame00000_obj1_adv.png",
        "perturbation": "/home/featurize/AttackSAM2/outputs/rhino/pgd/worst_cases/pgd/pgd_rhino_frame00000_obj1_perturbation.png"
      }
    }
  }
}