{
  "attack_name": "pgd",
  "sequence": "rhino",
  "frame_idx": 0,
  "obj_id": 1,
  "gt_label": 1,
  "clean_iou": 0.995620400124391,
  "clean_dice": 0.9978053943148025,
  "adv_iou": 0.006715845880127426,
  "adv_dice": 0.013342088351169354,
  "perturbation_norm": {
    "l2": 35.78751754760742,
    "linf": 0.030000001192092896,
    "l1": 54716.5546875
  },
  "frame_path": "/home/featurize/AttackSAM2/data/DAVIS/JPEGImages/480p/rhino/00000.jpg",
  "mask_path": "/home/featurize/AttackSAM2/data/DAVIS/Annotations_unsupervised/480p/rhino/00000.png"
}