{
  "clean_iou": 0.9687108886107635,
  "clean_dice": 0.9841068022886205,
  "adv_iou": 0.012357851837244463,
  "adv_dice": 0.02441399909096812,
  "uap_linf": 0.030000001192092896,
  "uap_l2": 51.68138885498047,
  "uap_l1": 89300.65625,
  "delta_iou": 0.956353036773519
}