{
  "clean_iou": 0.9704033525405972,
  "clean_dice": 0.9849793965173468,
  "adv_iou": 0.002149370839506688,
  "adv_dice": 0.00428952190571381,
  "uap_linf": 0.0299999862909317,
  "uap_l2": 30.709989547729492,
  "uap_l1": 47166.8125,
  "delta_iou": 0.9682539817010904
}