{
  "attack_name": "fgsm",
  "sequence": "kite-walk",
  "frame_idx": 0,
  "obj_id": 1,
  "gt_label": 1,
  "clean_iou": 0.6461182411108773,
  "clean_dice": 0.7850204498977505,
  "adv_iou": 0.14628955859133658,
  "adv_dice": 0.2552401485207809,
  "perturbation_norm": {
    "l2": 52.9041748046875,
    "linf": 0.030000001192092896,
    "l1": 93451.171875
  },
  "frame_path": "/home/featurize/AttackSAM2/data/DAVIS/JPEGImages/480p/kite-walk/00000.jpg",
  "mask_path": "/home/featurize/AttackSAM2/data/DAVIS/Annotations_unsupervised/480p/kite-walk/00000.png"
}