{
  "pgd": {
    "best": {
      "score": 0.9511359280785449,
      "clean_iou": 0.9610938989513823,
      "adv_iou": 0.009957970872837455,
      "summary": {
        "attack_name": "pgd",
        "sequence": "lucia",
        "frame_idx": 0,
        "obj_id": 1,
        "gt_label": 1,
        "clean_iou": 0.9610938989513823,
        "clean_dice": 0.9801610208111803,
        "adv_iou": 0.009957970872837455,
        "adv_dice": 0.019719574794249038,
        "perturbation_norm": {
          "l2": 35.66584396362305,
          "linf": 0.030000001192092896,
          "l1": 54380.9453125
        }
      },
      "artifacts": {
        "clean": "/home/featurize/AttackSAM2/outputs/lucia/pgd/best_cases/pgd/pgd_lucia_frame00000_obj1_clean.png",
        "adv": "/home/featurize/AttackSAM2/outputs/lucia/pgd/best_cases/pgd/pgd_lucia_frame00000_obj1_adv.png",
        "perturbation": "/home/featurize/AttackSAM2/outputs/lucia/pgd/best_cases/pgd/pgd_lucia_frame00000_obj1_perturbation.png"
      }
    },
    "worst": {
      "score": 0.9511359280785449,
      "clean_iou": 0.9610938989513823,
      "adv_iou": 0.009957970872837455,
      "summary": {
        "attack_name": "pgd",
        "sequence": "lucia",
        "frame_idx": 0,
        "obj_id": 1,
        "gt_label": 1,
        "clean_iou": 0.9610938989513823,
        "clean_dice": 0.9801610208111803,
        "adv_iou": 0.009957970872837455,
        "adv_dice": 0.019719574794249038,
        "perturbation_norm": {
          "l2": 35.66584396362305,
          "linf": 0.030000001192092896,
          "l1": 54380.9453125
        }
      },
      "artifacts": {
        "clean": "/home/featurize/AttackSAM2/outputs/lucia/pgd/worst_cases/pgd/pgd_lucia_frame00000_obj1_clean.png",
        "adv": "/home/featurize/AttackSAM2/outputs/lucia/pgd/worst_cases/pgd/pgd_lucia_frame00000_obj1_adv.png",
        "perturbation": "/home/featurize/AttackSAM2/outputs/lucia/pgd/worst_cases/pgd/pgd_lucia_frame00000_obj1_perturbation.png"
      }
    }
  }
}