{
  "clean_iou": 0.9608239095315024,
  "clean_dice": 0.9800205973223481,
  "adv_iou": 0.0007556614153236044,
  "adv_dice": 0.0015101816446482183,
  "uap_linf": 0.030000001192092896,
  "uap_l2": 35.59482192993164,
  "uap_l1": 54150.703125,
  "delta_iou": 0.9600682481161789
}