{
  "clean_iou": 0.9718482252141983,
  "clean_dice": 0.9857231533209186,
  "adv_iou": 0.05906319792358303,
  "adv_dice": 0.11153857114359807,
  "uap_linf": 0.029999971389770508,
  "uap_l2": 4.65077018737793,
  "uap_l1": 5138.48876953125,
  "delta_iou": 0.9127850272906153
}