{
  "clean_iou": 0.9877403958635534,
  "clean_dice": 0.9938323917137476,
  "adv_iou": 0.01861874622592982,
  "adv_dice": 0.03655684974366293,
  "uap_linf": 0.030000001192092896,
  "uap_l2": 53.20627975463867,
  "uap_l1": 94366.703125,
  "delta_iou": 0.9691216496376236
}