{
  "bim": {
    "best": {
      "score": 0.9956110200582301,
      "clean_iou": 0.9956156425187659,
      "adv_iou": 4.6224605357431764e-06,
      "summary": {
        "attack_name": "bim",
        "sequence": "cat-girl",
        "frame_idx": 0,
        "obj_id": 1,
        "gt_label": 1,
        "clean_iou": 0.9956156425187659,
        "clean_dice": 0.9978030050537685,
        "adv_iou": 4.6224605357431764e-06,
        "adv_dice": 9.24487833740108e-06,
        "perturbation_norm": {
          "l2": 35.806758880615234,
          "linf": 0.030000001192092896,
          "l1": 54538.80078125
        }
      },
      "artifacts": {
        "clean": "/home/featurize/AttackSAM2/outputs/cat-girl/bim/best_cases/bim/bim_cat-girl_frame00000_obj1_clean.png",
        "adv": "/home/featurize/AttackSAM2/outputs/cat-girl/bim/best_cases/bim/bim_cat-girl_frame00000_obj1_adv.png",
        "perturbation": "/home/featurize/AttackSAM2/outputs/cat-girl/bim/best_cases/bim/bim_cat-girl_frame00000_obj1_perturbation.png"
      }
    },
    "worst": {
      "score": 0.9956110200582301,
      "clean_iou": 0.9956156425187659,
      "adv_iou": 4.6224605357431764e-06,
      "summary": {
        "attack_name": "bim",
        "sequence": "cat-girl",
        "frame_idx": 0,
        "obj_id": 1,
        "gt_label": 1,
        "clean_iou": 0.9956156425187659,
        "clean_dice": 0.9978030050537685,
        "adv_iou": 4.6224605357431764e-06,
        "adv_dice": 9.24487833740108e-06,
        "perturbation_norm": {
          "l2": 35.806758880615234,
          "linf": 0.030000001192092896,
          "l1": 54538.80078125
        }
      },
      "artifacts": {
        "clean": "/home/featurize/AttackSAM2/outputs/cat-girl/bim/worst_cases/bim/bim_cat-girl_frame00000_obj1_clean.png",
        "adv": "/home/featurize/AttackSAM2/outputs/cat-girl/bim/worst_cases/bim/bim_cat-girl_frame00000_obj1_adv.png",
        "perturbation": "/home/featurize/AttackSAM2/outputs/cat-girl/bim/worst_cases/bim/bim_cat-girl_frame00000_obj1_perturbation.png"
      }
    }
  }
}