{
  "attack_name": "bim",
  "sequence": "cat-girl",
  "frame_idx": 0,
  "obj_id": 1,
  "gt_label": 1,
  "clean_iou": 0.9956156425187659,
  "clean_dice": 0.9978030050537685,
  "adv_iou": 4.6224605357431764e-06,
  "adv_dice": 9.24487833740108e-06,
  "perturbation_norm": {
    "l2": 35.806758880615234,
    "linf": 0.030000001192092896,
    "l1": 54538.80078125
  },
  "frame_path": "/home/featurize/AttackSAM2/data/DAVIS/JPEGImages/480p/cat-girl/00000.jpg",
  "mask_path": "/home/featurize/AttackSAM2/data/DAVIS/Annotations_unsupervised/480p/cat-girl/00000.png"
}