{
  "clean_iou": 0.9399726081001761,
  "clean_dice": 0.9690576085202517,
  "adv_iou": 0.04395557086275185,
  "adv_dice": 0.08420965813023218,
  "uap_linf": 0.0,
  "uap_l2": 0.0,
  "uap_l1": 0.0,
  "delta_iou": 0.8960170372374243
}