{
  "clean_iou": 0.9889995669120831,
  "clean_dice": 0.9944693637590907,
  "adv_iou": 0.1234703146073601,
  "adv_dice": 0.21980165030085652,
  "uap_linf": 0.030000001192092896,
  "uap_l2": 53.030635833740234,
  "uap_l1": 93929.484375,
  "delta_iou": 0.865529252304723
}