{
  "attack_name": "fgsm",
  "sequence": "schoolgirls",
  "frame_idx": 0,
  "obj_id": 1,
  "gt_label": 1,
  "clean_iou": 0.9866464097233328,
  "clean_dice": 0.9932783256188368,
  "adv_iou": 0.004958738852088961,
  "adv_dice": 0.009868542180653238,
  "perturbation_norm": {
    "l2": 53.04781723022461,
    "linf": 0.030000001192092896,
    "l1": 93975.734375
  },
  "frame_path": "/home/featurize/AttackSAM2/data/DAVIS/JPEGImages/480p/schoolgirls/00000.jpg",
  "mask_path": "/home/featurize/AttackSAM2/data/DAVIS/Annotations_unsupervised/480p/schoolgirls/00000.png"
}