{
  "clean_iou": 0.9883999401287232,
  "clean_dice": 0.9941661334638112,
  "adv_iou": 0.06689061980877847,
  "adv_dice": 0.12539358499705894,
  "uap_linf": 0.030000001192092896,
  "uap_l2": 35.59199905395508,
  "uap_l1": 54177.3359375,
  "delta_iou": 0.9215093203199447
}