{
  "clean_iou": 0.9986495673959003,
  "clean_dice": 0.9993243274728449,
  "adv_iou": 0.516317420806357,
  "adv_dice": 0.6810149560001578,
  "uap_linf": 0.029999971389770508,
  "uap_l2": 6.457839488983154,
  "uap_l1": 9014.609375,
  "delta_iou": 0.48233214658954326
}