{
  "clean_iou": 0.9775147928994082,
  "clean_dice": 0.9886295631358468,
  "adv_iou": 0.008598621595011487,
  "adv_dice": 0.017050631263829233,
  "uap_linf": 0.029999971389770508,
  "uap_l2": 30.416534423828125,
  "uap_l1": 46364.71484375,
  "delta_iou": 0.9689161713043968
}