{
  "clean_iou": 0.9058123920966814,
  "clean_dice": 0.9505787619526925,
  "adv_iou": 0.0,
  "adv_dice": 0.0,
  "uap_linf": 0.0299999862909317,
  "uap_l2": 30.675029754638672,
  "uap_l1": 47090.60546875,
  "delta_iou": 0.9058123920966814
}