{
  "clean_iou": 0.9058123920966814,
  "clean_dice": 0.9505787619526925,
  "adv_iou": 0.0,
  "adv_dice": 0.0,
  "uap_linf": 0.029999971389770508,
  "uap_l2": 3.9762446880340576,
  "uap_l1": 5066.98828125,
  "delta_iou": 0.9058123920966814
}