{
  "cw": {
    "best": {
      "score": 0.973869141502817,
      "clean_iou": 0.9753694581280788,
      "adv_iou": 0.0015003166252618248,
      "summary": {
        "attack_name": "cw",
        "sequence": "crossing",
        "frame_idx": 0,
        "obj_id": 1,
        "gt_label": 1,
        "clean_iou": 0.9753694581280788,
        "clean_dice": 0.9875311720698254,
        "adv_iou": 0.0015003166252618248,
        "adv_dice": 0.002996138094728548,
        "perturbation_norm": {
          "l2": 6.475385665893555,
          "linf": 0.030000001192092896,
          "l1": 7663.0166015625
        }
      },
      "artifacts": {
        "clean": "/home/featurize/AttackSAM2/outputs/crossing/cw/best_cases/cw/cw_crossing_frame00000_obj1_clean.png",
        "adv": "/home/featurize/AttackSAM2/outputs/crossing/cw/best_cases/cw/cw_crossing_frame00000_obj1_adv.png",
        "perturbation": "/home/featurize/AttackSAM2/outputs/crossing/cw/best_cases/cw/cw_crossing_frame00000_obj1_perturbation.png"
      }
    },
    "worst": {
      "score": 0.973869141502817,
      "clean_iou": 0.9753694581280788,
      "adv_iou": 0.0015003166252618248,
      "summary": {
        "attack_name": "cw",
        "sequence": "crossing",
        "frame_idx": 0,
        "obj_id": 1,
        "gt_label": 1,
        "clean_iou": 0.9753694581280788,
        "clean_dice": 0.9875311720698254,
        "adv_iou": 0.0015003166252618248,
        "adv_dice": 0.002996138094728548,
        "perturbation_norm": {
          "l2": 6.475385665893555,
          "linf": 0.030000001192092896,
          "l1": 7663.0166015625
        }
      },
      "artifacts": {
        "clean": "/home/featurize/AttackSAM2/outputs/crossing/cw/worst_cases/cw/cw_crossing_frame00000_obj1_clean.png",
        "adv": "/home/featurize/AttackSAM2/outputs/crossing/cw/worst_cases/cw/cw_crossing_frame00000_obj1_adv.png",
        "perturbation": "/home/featurize/AttackSAM2/outputs/crossing/cw/worst_cases/cw/cw_crossing_frame00000_obj1_perturbation.png"
      }
    }
  }
}