{
  "clean_iou": 0.9930596255282396,
  "clean_dice": 0.9965177286304614,
  "adv_iou": 0.07595746743802721,
  "adv_dice": 0.14119046474744076,
  "uap_linf": 0.030000001192092896,
  "uap_l2": 53.161556243896484,
  "uap_l1": 94251.546875,
  "delta_iou": 0.9171021580902123
}