{
  "clean_iou": 0.9948217616445146,
  "clean_dice": 0.9974041598828276,
  "adv_iou": 6.574333800841515e-05,
  "adv_dice": 0.0001314780322121179,
  "uap_linf": 0.030000001192092896,
  "uap_l2": 52.613216400146484,
  "uap_l1": 92603.875,
  "delta_iou": 0.9947560183065062
}