{
  "clean_iou": 0.9468003084040093,
  "clean_dice": 0.9726732673267326,
  "adv_iou": 0.0,
  "adv_dice": 0.0,
  "uap_linf": 0.030000001192092896,
  "uap_l2": 52.690460205078125,
  "uap_l1": 92809.1171875,
  "delta_iou": 0.9468003084040093
}