{
  "attack_name": "fgsm",
  "sequence": "rallye",
  "frame_idx": 0,
  "obj_id": 1,
  "gt_label": 1,
  "clean_iou": 0.9687108886107635,
  "clean_dice": 0.9841068022886205,
  "adv_iou": 0.012357851837244463,
  "adv_dice": 0.02441399909096812,
  "perturbation_norm": {
    "l2": 51.68138885498047,
    "linf": 0.030000001192092896,
    "l1": 89300.65625
  },
  "frame_path": "/home/featurize/AttackSAM2/data/DAVIS/JPEGImages/480p/rallye/00000.jpg",
  "mask_path": "/home/featurize/AttackSAM2/data/DAVIS/Annotations_unsupervised/480p/rallye/00000.png"
}