{
  "clean_iou": 0.9489795918367347,
  "clean_dice": 0.9738219895287958,
  "adv_iou": 0.024138704132725505,
  "adv_dice": 0.047139521307647404,
  "uap_linf": 0.029999971389770508,
  "uap_l2": 30.541175842285156,
  "uap_l1": 46829.37109375,
  "delta_iou": 0.9248408877040093
}