{
  "attack_name": "fgsm",
  "sequence": "dogs-scale",
  "frame_idx": 0,
  "obj_id": 1,
  "gt_label": 1,
  "clean_iou": 0.9908013444188927,
  "clean_dice": 0.9953794206504354,
  "adv_iou": 0.01067698619917941,
  "adv_dice": 0.021128384924113116,
  "perturbation_norm": {
    "l2": 52.857181549072266,
    "linf": 0.030000001192092896,
    "l1": 93418.734375
  },
  "frame_path": "/home/featurize/AttackSAM2/data/DAVIS/JPEGImages/480p/dogs-scale/00000.jpg",
  "mask_path": "/home/featurize/AttackSAM2/data/DAVIS/Annotations_unsupervised/480p/dogs-scale/00000.png"
}