{
  "clean_iou": 0.9866464097233328,
  "clean_dice": 0.9932783256188368,
  "adv_iou": 0.10231292217165651,
  "adv_dice": 0.1856331720580591,
  "uap_linf": 0.029999971389770508,
  "uap_l2": 4.886685371398926,
  "uap_l1": 5173.56494140625,
  "delta_iou": 0.8843334875516763
}