{
  "attack_name": "fgsm",
  "sequence": "horsejump-low",
  "frame_idx": 0,
  "obj_id": 1,
  "gt_label": 1,
  "clean_iou": 0.9794688500062342,
  "clean_dice": 0.9896279499454103,
  "adv_iou": 0.015924876622189728,
  "adv_dice": 0.03135050039356797,
  "perturbation_norm": {
    "l2": 53.14400100708008,
    "linf": 0.030000001192092896,
    "l1": 94187.34375
  },
  "frame_path": "/home/featurize/AttackSAM2/data/DAVIS/JPEGImages/480p/horsejump-low/00000.jpg",
  "mask_path": "/home/featurize/AttackSAM2/data/DAVIS/Annotations_unsupervised/480p/horsejump-low/00000.png"
}