{
  "attack_name": "fgsm",
  "sequence": "rhino",
  "frame_idx": 0,
  "obj_id": 1,
  "gt_label": 1,
  "clean_iou": 0.995620400124391,
  "clean_dice": 0.9978053943148025,
  "adv_iou": 0.00038056948808524755,
  "adv_dice": 0.0007608494200961792,
  "perturbation_norm": {
    "l2": 53.09690475463867,
    "linf": 0.030000001192092896,
    "l1": 94109.5
  },
  "frame_path": "/home/featurize/AttackSAM2/data/DAVIS/JPEGImages/480p/rhino/00000.jpg",
  "mask_path": "/home/featurize/AttackSAM2/data/DAVIS/Annotations_unsupervised/480p/rhino/00000.png"
}