{
  "clean_iou": 0.9986495673959003,
  "clean_dice": 0.9993243274728449,
  "adv_iou": 0.016910891554743866,
  "adv_dice": 0.03325933805053261,
  "uap_linf": 0.030000001192092896,
  "uap_l2": 35.75999069213867,
  "uap_l1": 54439.140625,
  "delta_iou": 0.9817386758411564
}