{
  "clean_iou": 0.9610938989513823,
  "clean_dice": 0.9801610208111803,
  "adv_iou": 0.049923391215526046,
  "adv_dice": 0.09509911224613887,
  "uap_linf": 0.029999971389770508,
  "uap_l2": 5.414046287536621,
  "uap_l1": 6427.08251953125,
  "delta_iou": 0.9111705077358563
}