{
  "clean_iou": 0.9884610398029301,
  "clean_dice": 0.9941970398382995,
  "adv_iou": 0.03836524936142553,
  "adv_dice": 0.07389548019835875,
  "uap_linf": 0.030000001192092896,
  "uap_l2": 53.161888122558594,
  "uap_l1": 94246.0078125,
  "delta_iou": 0.9500957904415046
}