{
  "clean_iou": 0.9489795918367347,
  "clean_dice": 0.9738219895287958,
  "adv_iou": 0.0030072807850585626,
  "adv_dice": 0.0059965283257061705,
  "uap_linf": 0.0,
  "uap_l2": 0.0,
  "uap_l1": 0.0,
  "delta_iou": 0.9459723110516762
}