{
  "clean_iou": 0.9908013444188927,
  "clean_dice": 0.9953794206504354,
  "adv_iou": 0.1568266658206698,
  "adv_dice": 0.2711325221906338,
  "uap_linf": 0.029999971389770508,
  "uap_l2": 5.942971229553223,
  "uap_l1": 7511.333984375,
  "delta_iou": 0.8339746785982228
}