{
  "clean_iou": 0.9872018497484991,
  "clean_dice": 0.9935597129938659,
  "adv_iou": 0.12553807792981106,
  "adv_dice": 0.2230721117151572,
  "uap_linf": 0.030000001192092896,
  "uap_l2": 7.546043395996094,
  "uap_l1": 10176.9736328125,
  "delta_iou": 0.861663771818688
}