{
  "attack_name": "fgsm",
  "sequence": "flamingo",
  "frame_idx": 0,
  "obj_id": 1,
  "gt_label": 1,
  "clean_iou": 0.9889995669120831,
  "clean_dice": 0.9944693637590907,
  "adv_iou": 0.1234703146073601,
  "adv_dice": 0.21980165030085652,
  "perturbation_norm": {
    "l2": 53.030635833740234,
    "linf": 0.030000001192092896,
    "l1": 93929.484375
  },
  "frame_path": "/home/featurize/AttackSAM2/data/DAVIS/JPEGImages/480p/flamingo/00000.jpg",
  "mask_path": "/home/featurize/AttackSAM2/data/DAVIS/Annotations_unsupervised/480p/flamingo/00000.png"
}