{
  "clean_iou": 0.9953177257525083,
  "clean_dice": 0.9976533690915186,
  "adv_iou": 0.005113708550374793,
  "adv_dice": 0.010175383156896823,
  "uap_linf": 0.029999971389770508,
  "uap_l2": 5.2068352699279785,
  "uap_l1": 6224.31396484375,
  "delta_iou": 0.9902040172021336
}