{
  "clean_iou": 0.995620400124391,
  "clean_dice": 0.9978053943148025,
  "adv_iou": 0.00038056948808524755,
  "adv_dice": 0.0007608494200961792,
  "uap_linf": 0.030000001192092896,
  "uap_l2": 53.09690475463867,
  "uap_l1": 94109.5,
  "delta_iou": 0.9952398306363057
}