{
  "clean_iou": 0.9860120680197477,
  "clean_dice": 0.9929567739262533,
  "adv_iou": 0.0,
  "adv_dice": 0.0,
  "uap_linf": 0.030000001192092896,
  "uap_l2": 35.76187515258789,
  "uap_l1": 54481.359375,
  "delta_iou": 0.9860120680197477
}