{
  "attack_name": "fgsm",
  "sequence": "lindy-hop",
  "frame_idx": 0,
  "obj_id": 1,
  "gt_label": 1,
  "clean_iou": 0.9825916769674495,
  "clean_dice": 0.9912194108172703,
  "adv_iou": 0.0401303557626021,
  "adv_dice": 0.07716408917453303,
  "perturbation_norm": {
    "l2": 52.95749282836914,
    "linf": 0.030000001192092896,
    "l1": 93766.828125
  },
  "frame_path": "/home/featurize/AttackSAM2/data/DAVIS/JPEGImages/480p/lindy-hop/00000.jpg",
  "mask_path": "/home/featurize/AttackSAM2/data/DAVIS/Annotations_unsupervised/480p/lindy-hop/00000.png"
}