{
  "clean_iou": 0.9918718737976144,
  "clean_dice": 0.9959193528914645,
  "adv_iou": 0.09168721443027458,
  "adv_dice": 0.1679734143962178,
  "uap_linf": 0.030000001192092896,
  "uap_l2": 7.099904537200928,
  "uap_l1": 9430.232421875,
  "delta_iou": 0.9001846593673398
}