{
  "clean_iou": 0.9773685690188361,
  "clean_dice": 0.9885547735835644,
  "adv_iou": 0.0,
  "adv_dice": 0.0,
  "uap_linf": 0.030000001192092896,
  "uap_l2": 35.70524215698242,
  "uap_l1": 54319.17578125,
  "delta_iou": 0.9773685690188361
}