{
  "clean_iou": 0.9834604337922155,
  "clean_dice": 0.9916612573026414,
  "adv_iou": 0.034604420767325575,
  "adv_dice": 0.06689401296325571,
  "uap_linf": 0.030000001192092896,
  "uap_l2": 52.93700408935547,
  "uap_l1": 93655.2265625,
  "delta_iou": 0.9488560130248899
}