{
  "clean_iou": 0.9825916769674495,
  "clean_dice": 0.9912194108172703,
  "adv_iou": 5.511251219364332e-06,
  "adv_dice": 1.1022441691283453e-05,
  "uap_linf": 0.030000001192092896,
  "uap_l2": 35.716915130615234,
  "uap_l1": 54433.453125,
  "delta_iou": 0.9825861657162301
}