{
  "attack_name": "fgsm",
  "sequence": "motorbike",
  "frame_idx": 0,
  "obj_id": 1,
  "gt_label": 1,
  "clean_iou": 0.9421424962102072,
  "clean_dice": 0.9702094445167165,
  "adv_iou": 0.00293533868217271,
  "adv_dice": 0.005853495372951277,
  "perturbation_norm": {
    "l2": 53.17477035522461,
    "linf": 0.030000001192092896,
    "l1": 94281.765625
  },
  "frame_path": "/home/featurize/AttackSAM2/data/DAVIS/JPEGImages/480p/motorbike/00000.jpg",
  "mask_path": "/home/featurize/AttackSAM2/data/DAVIS/Annotations_unsupervised/480p/motorbike/00000.png"
}