{
  "cw": {
    "best": {
      "score": 0.711870509782298,
      "clean_iou": 0.9883999401287232,
      "adv_iou": 0.2765294303464252,
      "summary": {
        "attack_name": "cw",
        "sequence": "longboard",
        "frame_idx": 0,
        "obj_id": 1,
        "gt_label": 1,
        "clean_iou": 0.9883999401287232,
        "clean_dice": 0.9941661334638112,
        "adv_iou": 0.2765294303464252,
        "adv_dice": 0.43325194668074435,
        "perturbation_norm": {
          "l2": 5.341267108917236,
          "linf": 0.029999971389770508,
          "l1": 7173.673828125
        }
      },
      "artifacts": {
        "clean": "/home/featurize/AttackSAM2/outputs/longboard/cw/best_cases/cw/cw_longboard_frame00000_obj1_clean.png",
        "adv": "/home/featurize/AttackSAM2/outputs/longboard/cw/best_cases/cw/cw_longboard_frame00000_obj1_adv.png",
        "perturbation": "/home/featurize/AttackSAM2/outputs/longboard/cw/best_cases/cw/cw_longboard_frame00000_obj1_perturbation.png"
      }
    },
    "worst": {
      "score": 0.711870509782298,
      "clean_iou": 0.9883999401287232,
      "adv_iou": 0.2765294303464252,
      "summary": {
        "attack_name": "cw",
        "sequence": "longboard",
        "frame_idx": 0,
        "obj_id": 1,
        "gt_label": 1,
        "clean_iou": 0.9883999401287232,
        "clean_dice": 0.9941661334638112,
        "adv_iou": 0.2765294303464252,
        "adv_dice": 0.43325194668074435,
        "perturbation_norm": {
          "l2": 5.341267108917236,
          "linf": 0.029999971389770508,
          "l1": 7173.673828125
        }
      },
      "artifacts": {
        "clean": "/home/featurize/AttackSAM2/outputs/longboard/cw/worst_cases/cw/cw_longboard_frame00000_obj1_clean.png",
        "adv": "/home/featurize/AttackSAM2/outputs/longboard/cw/worst_cases/cw/cw_longboard_frame00000_obj1_adv.png",
        "perturbation": "/home/featurize/AttackSAM2/outputs/longboard/cw/worst_cases/cw/cw_longboard_frame00000_obj1_perturbation.png"
      }
    }
  }
}