{
  "clean_iou": 0.9987244817017064,
  "clean_dice": 0.9993618338545552,
  "adv_iou": 0.19558285132471134,
  "adv_dice": 0.32717573877545103,
  "uap_linf": 0.030000001192092896,
  "uap_l2": 35.01958465576172,
  "uap_l1": 52976.375,
  "delta_iou": 0.803141630376995
}