{
  "clean_iou": 0.9923827660080933,
  "clean_dice": 0.9961768219832736,
  "adv_iou": 0.12154020651965766,
  "adv_dice": 0.21673802831700334,
  "uap_linf": 0.0,
  "uap_l2": 0.0,
  "uap_l1": 0.0,
  "delta_iou": 0.8708425594884356
}