{
  "clean_iou": 0.9969887280767196,
  "clean_dice": 0.9984920936803782,
  "adv_iou": 0.011139415779803485,
  "adv_dice": 0.022033392440176266,
  "uap_linf": 0.030000001192092896,
  "uap_l2": 30.320642471313477,
  "uap_l1": 46299.3984375,
  "delta_iou": 0.9858493122969161
}