{
  "clean_iou": 0.9914101154480484,
  "clean_dice": 0.9956865316263501,
  "adv_iou": 0.0046965896354806,
  "adv_dice": 0.009349269588313412,
  "uap_linf": 0.030000001192092896,
  "uap_l2": 51.42171096801758,
  "uap_l1": 88876.515625,
  "delta_iou": 0.9867135258125678
}