{
  "clean_iou": 0.9421424962102072,
  "clean_dice": 0.9702094445167165,
  "adv_iou": 0.00013192860777624908,
  "adv_dice": 0.0002638224098292692,
  "uap_linf": 0.030000001192092896,
  "uap_l2": 4.913550853729248,
  "uap_l1": 6354.6640625,
  "delta_iou": 0.942010567602431
}