{
  "attack_name": "fgsm",
  "sequence": "breakdance-flare",
  "frame_idx": 0,
  "obj_id": 1,
  "gt_label": 1,
  "clean_iou": 0.9930596255282396,
  "clean_dice": 0.9965177286304614,
  "adv_iou": 0.07595746743802721,
  "adv_dice": 0.14119046474744076,
  "perturbation_norm": {
    "l2": 53.161556243896484,
    "linf": 0.030000001192092896,
    "l1": 94251.546875
  },
  "frame_path": "/home/featurize/AttackSAM2/data/DAVIS/JPEGImages/480p/breakdance-flare/00000.jpg",
  "mask_path": "/home/featurize/AttackSAM2/data/DAVIS/Annotations_unsupervised/480p/breakdance-flare/00000.png"
}