{
  "clean_iou": 0.9834604337922155,
  "clean_dice": 0.9916612573026414,
  "adv_iou": 0.01586629768299962,
  "adv_dice": 0.031236980140374116,
  "uap_linf": 0.02000001072883606,
  "uap_l2": 24.975975036621094,
  "uap_l1": 31237.00390625,
  "delta_iou": 0.9675941361092159
}