{
  "clean_iou": 0.9918718737976144,
  "clean_dice": 0.9959193528914645,
  "adv_iou": 0.07492615225919384,
  "adv_dice": 0.13940706922372303,
  "uap_linf": 0.030000001192092896,
  "uap_l2": 52.86188507080078,
  "uap_l1": 93481.546875,
  "delta_iou": 0.9169457215384206
}