{
  "clean_iou": 0.985164931060562,
  "clean_dice": 0.9925270345514755,
  "adv_iou": 0.0,
  "adv_dice": 0.0,
  "uap_linf": 0.030000001192092896,
  "uap_l2": 35.432647705078125,
  "uap_l1": 53707.1953125,
  "delta_iou": 0.985164931060562
}