{
  "attack_name": "bim",
  "sequence": "rhino",
  "frame_idx": 0,
  "obj_id": 1,
  "gt_label": 1,
  "clean_iou": 0.995620400124391,
  "clean_dice": 0.9978053943148025,
  "adv_iou": 6.7320573840571416e-06,
  "adv_dice": 1.3464024127531236e-05,
  "perturbation_norm": {
    "l2": 35.69636154174805,
    "linf": 0.030000001192092896,
    "l1": 54373.7734375
  },
  "frame_path": "/home/featurize/AttackSAM2/data/DAVIS/JPEGImages/480p/rhino/00000.jpg",
  "mask_path": "/home/featurize/AttackSAM2/data/DAVIS/Annotations_unsupervised/480p/rhino/00000.png"
}