{
  "clean_iou": 0.9987244817017064,
  "clean_dice": 0.9993618338545552,
  "adv_iou": 0.3271581219643821,
  "adv_dice": 0.4930205625839696,
  "uap_linf": 0.030000001192092896,
  "uap_l2": 52.158973693847656,
  "uap_l1": 91665.2890625,
  "delta_iou": 0.6715663597373243
}