{
  "clean_iou": 0.6461182411108773,
  "clean_dice": 0.7850204498977505,
  "adv_iou": 4.5708017186214464e-05,
  "adv_dice": 9.141185611773847e-05,
  "uap_linf": 0.030000001192092896,
  "uap_l2": 35.5361213684082,
  "uap_l1": 53977.0,
  "delta_iou": 0.6460725330936912
}