{
  "clean_iou": 0.9610938989513823,
  "clean_dice": 0.9801610208111803,
  "adv_iou": 0.014584797407147127,
  "adv_dice": 0.028750277836647558,
  "uap_linf": 0.030000001192092896,
  "uap_l2": 35.65273666381836,
  "uap_l1": 54159.28125,
  "delta_iou": 0.9465091015442352
}