{
  "clean_iou": 0.9610938989513823,
  "clean_dice": 0.9801610208111803,
  "adv_iou": 0.013118652265033049,
  "adv_dice": 0.02589756340129289,
  "uap_linf": 0.030000001192092896,
  "uap_l2": 53.06591796875,
  "uap_l1": 93968.3359375,
  "delta_iou": 0.9479752466863492
}