{
  "clean_iou": 0.9877403958635534,
  "clean_dice": 0.9938323917137476,
  "adv_iou": 0.00016136336426998693,
  "adv_dice": 0.0003226746606711633,
  "uap_linf": 0.030000001192092896,
  "uap_l2": 35.78996658325195,
  "uap_l1": 54589.23828125,
  "delta_iou": 0.9875790324992835
}