{
  "clean_iou": 0.9976920266994321,
  "clean_dice": 0.9988446801260047,
  "adv_iou": 0.2827817304915202,
  "adv_dice": 0.44088830355132586,
  "uap_linf": 0.030000001192092896,
  "uap_l2": 53.16904067993164,
  "uap_l1": 94257.09375,
  "delta_iou": 0.7149102962079119
}