{
  "cw": {
    "best": {
      "score": 0.9898467710490674,
      "clean_iou": 0.9914101154480484,
      "adv_iou": 0.0015633443989809311,
      "summary": {
        "attack_name": "cw",
        "sequence": "dancing",
        "frame_idx": 0,
        "obj_id": 1,
        "gt_label": 1,
        "clean_iou": 0.9914101154480484,
        "clean_dice": 0.9956865316263501,
        "adv_iou": 0.0015633443989809311,
        "adv_dice": 0.0031218083363844834,
        "perturbation_norm": {
          "l2": 5.23661994934082,
          "linf": 0.029999971389770508,
          "l1": 6034.04345703125
        }
      },
      "artifacts": {
        "clean": "/home/featurize/AttackSAM2/outputs/dancing/cw/best_cases/cw/cw_dancing_frame00000_obj1_clean.png",
        "adv": "/home/featurize/AttackSAM2/outputs/dancing/cw/best_cases/cw/cw_dancing_frame00000_obj1_adv.png",
        "perturbation": "/home/featurize/AttackSAM2/outputs/dancing/cw/best_cases/cw/cw_dancing_frame00000_obj1_perturbation.png"
      }
    },
    "worst": {
      "score": 0.9898467710490674,
      "clean_iou": 0.9914101154480484,
      "adv_iou": 0.0015633443989809311,
      "summary": {
        "attack_name": "cw",
        "sequence": "dancing",
        "frame_idx": 0,
        "obj_id": 1,
        "gt_label": 1,
        "clean_iou": 0.9914101154480484,
        "clean_dice": 0.9956865316263501,
        "adv_iou": 0.0015633443989809311,
        "adv_dice": 0.0031218083363844834,
        "perturbation_norm": {
          "l2": 5.23661994934082,
          "linf": 0.029999971389770508,
          "l1": 6034.04345703125
        }
      },
      "artifacts": {
        "clean": "/home/featurize/AttackSAM2/outputs/dancing/cw/worst_cases/cw/cw_dancing_frame00000_obj1_clean.png",
        "adv": "/home/featurize/AttackSAM2/outputs/dancing/cw/worst_cases/cw/cw_dancing_frame00000_obj1_adv.png",
        "perturbation": "/home/featurize/AttackSAM2/outputs/dancing/cw/worst_cases/cw/cw_dancing_frame00000_obj1_perturbation.png"
      }
    }
  }
}