{
  "attack_name": "cw",
  "sequence": "dancing",
  "frame_idx": 0,
  "obj_id": 1,
  "gt_label": 1,
  "clean_iou": 0.9914101154480484,
  "clean_dice": 0.9956865316263501,
  "adv_iou": 0.0015633443989809311,
  "adv_dice": 0.0031218083363844834,
  "perturbation_norm": {
    "l2": 5.23661994934082,
    "linf": 0.029999971389770508,
    "l1": 6034.04345703125
  },
  "frame_path": "/home/featurize/AttackSAM2/data/DAVIS/JPEGImages/480p/dancing/00000.jpg",
  "mask_path": "/home/featurize/AttackSAM2/data/DAVIS/Annotations_unsupervised/480p/dancing/00000.png"
}