{
  "attack_name": "fgsm",
  "sequence": "dance-jump",
  "frame_idx": 0,
  "obj_id": 1,
  "gt_label": 1,
  "clean_iou": 0.9922464622641509,
  "clean_dice": 0.9961081433031949,
  "adv_iou": 0.015731444410224824,
  "adv_dice": 0.03097559792364042,
  "perturbation_norm": {
    "l2": 53.13832473754883,
    "linf": 0.030000001192092896,
    "l1": 94162.3515625
  },
  "frame_path": "/home/featurize/AttackSAM2/data/DAVIS/JPEGImages/480p/dance-jump/00000.jpg",
  "mask_path": "/home/featurize/AttackSAM2/data/DAVIS/Annotations_unsupervised/480p/dance-jump/00000.png"
}