{
  "clean_iou": 0.9866464097233328,
  "clean_dice": 0.9932783256188368,
  "adv_iou": 0.004958738852088961,
  "adv_dice": 0.009868542180653238,
  "uap_linf": 0.030000001192092896,
  "uap_l2": 53.04781723022461,
  "uap_l1": 93975.734375,
  "delta_iou": 0.9816876708712439
}