{
  "clean_iou": 0.9923827660080933,
  "clean_dice": 0.9961768219832736,
  "adv_iou": 0.0,
  "adv_dice": 0.0,
  "uap_linf": 0.030000001192092896,
  "uap_l2": 35.58449172973633,
  "uap_l1": 54238.296875,
  "delta_iou": 0.9923827660080933
}