{
  "clean_iou": 0.6461182411108773,
  "clean_dice": 0.7850204498977505,
  "adv_iou": 0.14628955859133658,
  "adv_dice": 0.2552401485207809,
  "uap_linf": 0.030000001192092896,
  "uap_l2": 52.9041748046875,
  "uap_l1": 93451.171875,
  "delta_iou": 0.49982868251954077
}