{
  "clean_iou": 0.9908900354724283,
  "clean_dice": 0.9954241749341972,
  "adv_iou": 0.0020300446609825416,
  "adv_dice": 0.004051863857374392,
  "uap_linf": 0.030000001192092896,
  "uap_l2": 52.248409271240234,
  "uap_l1": 91248.625,
  "delta_iou": 0.9888599908114457
}