{
  "clean_iou": 0.9914101154480484,
  "clean_dice": 0.9956865316263501,
  "adv_iou": 0.0015633443989809311,
  "adv_dice": 0.0031218083363844834,
  "uap_linf": 0.029999971389770508,
  "uap_l2": 5.23661994934082,
  "uap_l1": 6034.04345703125,
  "delta_iou": 0.9898467710490674
}