{
  "cw": {
    "best": {
      "score": 0.9502614995416216,
      "clean_iou": 0.9950230583078398,
      "adv_iou": 0.044761558766218096,
      "summary": {
        "attack_name": "cw",
        "sequence": "mallard-water",
        "frame_idx": 0,
        "obj_id": 1,
        "gt_label": 1,
        "clean_iou": 0.9950230583078398,
        "clean_dice": 0.9975053212185018,
        "adv_iou": 0.044761558766218096,
        "adv_dice": 0.08568760669004323,
        "perturbation_norm": {
          "l2": 2.5056278900592588e-05,
          "linf": 4.76837158203125e-07,
          "l1": 0.02417287603020668
        }
      },
      "artifacts": {
        "clean": "/home/featurize/AttackSAM2/outputs/mallard-water/cw/best_cases/cw/cw_mallard-water_frame00000_obj1_clean.png",
        "adv": "/home/featurize/AttackSAM2/outputs/mallard-water/cw/best_cases/cw/cw_mallard-water_frame00000_obj1_adv.png",
        "perturbation": "/home/featurize/AttackSAM2/outputs/mallard-water/cw/best_cases/cw/cw_mallard-water_frame00000_obj1_perturbation.png"
      }
    },
    "worst": {
      "score": 0.9502614995416216,
      "clean_iou": 0.9950230583078398,
      "adv_iou": 0.044761558766218096,
      "summary": {
        "attack_name": "cw",
        "sequence": "mallard-water",
        "frame_idx": 0,
        "obj_id": 1,
        "gt_label": 1,
        "clean_iou": 0.9950230583078398,
        "clean_dice": 0.9975053212185018,
        "adv_iou": 0.044761558766218096,
        "adv_dice": 0.08568760669004323,
        "perturbation_norm": {
          "l2": 2.5056278900592588e-05,
          "linf": 4.76837158203125e-07,
          "l1": 0.02417287603020668
        }
      },
      "artifacts": {
        "clean": "/home/featurize/AttackSAM2/outputs/mallard-water/cw/worst_cases/cw/cw_mallard-water_frame00000_obj1_clean.png",
        "adv": "/home/featurize/AttackSAM2/outputs/mallard-water/cw/worst_cases/cw/cw_mallard-water_frame00000_obj1_adv.png",
        "perturbation": "/home/featurize/AttackSAM2/outputs/mallard-water/cw/worst_cases/cw/cw_mallard-water_frame00000_obj1_perturbation.png"
      }
    }
  }
}