{
  "attack_name": "cw",
  "sequence": "mallard-water",
  "frame_idx": 0,
  "obj_id": 1,
  "gt_label": 1,
  "clean_iou": 0.9950230583078398,
  "clean_dice": 0.9975053212185018,
  "adv_iou": 0.044761558766218096,
  "adv_dice": 0.08568760669004323,
  "perturbation_norm": {
    "l2": 2.5056278900592588e-05,
    "linf": 4.76837158203125e-07,
    "l1": 0.02417287603020668
  },
  "frame_path": "/home/featurize/AttackSAM2/data/DAVIS/JPEGImages/480p/mallard-water/00000.jpg",
  "mask_path": "/home/featurize/AttackSAM2/data/DAVIS/Annotations_unsupervised/480p/mallard-water/00000.png"
}