{
  "attack_name": "fgsm",
  "sequence": "color-run",
  "frame_idx": 0,
  "obj_id": 1,
  "gt_label": 1,
  "clean_iou": 0.9918718737976144,
  "clean_dice": 0.9959193528914645,
  "adv_iou": 0.07492615225919384,
  "adv_dice": 0.13940706922372303,
  "perturbation_norm": {
    "l2": 52.86188507080078,
    "linf": 0.030000001192092896,
    "l1": 93481.546875
  },
  "frame_path": "/home/featurize/AttackSAM2/data/DAVIS/JPEGImages/480p/color-run/00000.jpg",
  "mask_path": "/home/featurize/AttackSAM2/data/DAVIS/Annotations_unsupervised/480p/color-run/00000.png"
}