{
  "pgd": {
    "best": {
      "score": 0.9570956972408803,
      "clean_iou": 0.9687108886107635,
      "adv_iou": 0.011615191369883256,
      "summary": {
        "attack_name": "pgd",
        "sequence": "rallye",
        "frame_idx": 0,
        "obj_id": 1,
        "gt_label": 1,
        "clean_iou": 0.9687108886107635,
        "clean_dice": 0.9841068022886205,
        "adv_iou": 0.011615191369883256,
        "adv_dice": 0.022963655486736005,
        "perturbation_norm": {
          "l2": 31.999948501586914,
          "linf": 0.030000001192092896,
          "l1": 47253.10546875
        }
      },
      "artifacts": {
        "clean": "/home/featurize/AttackSAM2/outputs/rallye/pgd/best_cases/pgd/pgd_rallye_frame00000_obj1_clean.png",
        "adv": "/home/featurize/AttackSAM2/outputs/rallye/pgd/best_cases/pgd/pgd_rallye_frame00000_obj1_adv.png",
        "perturbation": "/home/featurize/AttackSAM2/outputs/rallye/pgd/best_cases/pgd/pgd_rallye_frame00000_obj1_perturbation.png"
      }
    },
    "worst": {
      "score": 0.9570956972408803,
      "clean_iou": 0.9687108886107635,
      "adv_iou": 0.011615191369883256,
      "summary": {
        "attack_name": "pgd",
        "sequence": "rallye",
        "frame_idx": 0,
        "obj_id": 1,
        "gt_label": 1,
        "clean_iou": 0.9687108886107635,
        "clean_dice": 0.9841068022886205,
        "adv_iou": 0.011615191369883256,
        "adv_dice": 0.022963655486736005,
        "perturbation_norm": {
          "l2": 31.999948501586914,
          "linf": 0.030000001192092896,
          "l1": 47253.10546875
        }
      },
      "artifacts": {
        "clean": "/home/featurize/AttackSAM2/outputs/rallye/pgd/worst_cases/pgd/pgd_rallye_frame00000_obj1_clean.png",
        "adv": "/home/featurize/AttackSAM2/outputs/rallye/pgd/worst_cases/pgd/pgd_rallye_frame00000_obj1_adv.png",
        "perturbation": "/home/featurize/AttackSAM2/outputs/rallye/pgd/worst_cases/pgd/pgd_rallye_frame00000_obj1_perturbation.png"
      }
    }
  }
}