{
  "clean_iou": 0.9718482252141983,
  "clean_dice": 0.9857231533209186,
  "adv_iou": 0.0,
  "adv_dice": 0.0,
  "uap_linf": 0.030000001192092896,
  "uap_l2": 35.861820220947266,
  "uap_l1": 54849.47265625,
  "delta_iou": 0.9718482252141983
}