{
  "clean_iou": 0.9704033525405972,
  "clean_dice": 0.9849793965173468,
  "adv_iou": 0.0005204568454532312,
  "adv_dice": 0.001040372222061671,
  "uap_linf": 5.066394805908203e-07,
  "uap_l2": 2.663406849023886e-05,
  "uap_l1": 0.029238514602184296,
  "delta_iou": 0.969882895695144
}