{
  "fgsm": {
    "best": {
      "score": 0.7149102962079119,
      "clean_iou": 0.9976920266994321,
      "adv_iou": 0.2827817304915202,
      "summary": {
        "attack_name": "fgsm",
        "sequence": "koala",
        "frame_idx": 0,
        "obj_id": 1,
        "gt_label": 1,
        "clean_iou": 0.9976920266994321,
        "clean_dice": 0.9988446801260047,
        "adv_iou": 0.2827817304915202,
        "adv_dice": 0.44088830355132586,
        "perturbation_norm": {
          "l2": 53.16904067993164,
          "linf": 0.030000001192092896,
          "l1": 94257.09375
        }
      },
      "artifacts": {
        "clean": "/home/featurize/AttackSAM2/outputs/koala/fgsm/best_cases/fgsm/fgsm_koala_frame00000_obj1_clean.png",
        "adv": "/home/featurize/AttackSAM2/outputs/koala/fgsm/best_cases/fgsm/fgsm_koala_frame00000_obj1_adv.png",
        "perturbation": "/home/featurize/AttackSAM2/outputs/koala/fgsm/best_cases/fgsm/fgsm_koala_frame00000_obj1_perturbation.png"
      }
    },
    "worst": {
      "score": 0.7149102962079119,
      "clean_iou": 0.9976920266994321,
      "adv_iou": 0.2827817304915202,
      "summary": {
        "attack_name": "fgsm",
        "sequence": "koala",
        "frame_idx": 0,
        "obj_id": 1,
        "gt_label": 1,
        "clean_iou": 0.9976920266994321,
        "clean_dice": 0.9988446801260047,
        "adv_iou": 0.2827817304915202,
        "adv_dice": 0.44088830355132586,
        "perturbation_norm": {
          "l2": 53.16904067993164,
          "linf": 0.030000001192092896,
          "l1": 94257.09375
        }
      },
      "artifacts": {
        "clean": "/home/featurize/AttackSAM2/outputs/koala/fgsm/worst_cases/fgsm/fgsm_koala_frame00000_obj1_clean.png",
        "adv": "/home/featurize/AttackSAM2/outputs/koala/fgsm/worst_cases/fgsm/fgsm_koala_frame00000_obj1_adv.png",
        "perturbation": "/home/featurize/AttackSAM2/outputs/koala/fgsm/worst_cases/fgsm/fgsm_koala_frame00000_obj1_perturbation.png"
      }
    }
  }
}