{
  "clean_iou": 0.9794688500062342,
  "clean_dice": 0.9896279499454103,
  "adv_iou": 0.015924876622189728,
  "adv_dice": 0.03135050039356797,
  "uap_linf": 0.030000001192092896,
  "uap_l2": 53.14400100708008,
  "uap_l1": 94187.34375,
  "delta_iou": 0.9635439733840444
}