{
  "attack_name": "cw",
  "sequence": "scooter-gray",
  "frame_idx": 0,
  "obj_id": 1,
  "gt_label": 1,
  "clean_iou": 0.9713098377687205,
  "clean_dice": 0.9854461426196943,
  "adv_iou": 0.079810827704102,
  "adv_dice": 0.14782372181578526,
  "perturbation_norm": {
    "l2": 4.229350566864014,
    "linf": 0.029999971389770508,
    "l1": 5232.169921875
  },
  "frame_path": "/home/featurize/AttackSAM2/data/DAVIS/JPEGImages/480p/scooter-gray/00000.jpg",
  "mask_path": "/home/featurize/AttackSAM2/data/DAVIS/Annotations_unsupervised/480p/scooter-gray/00000.png"
}