{
  "clean_iou": 0.9399726081001761,
  "clean_dice": 0.9690576085202517,
  "adv_iou": 0.04394808027610157,
  "adv_dice": 0.08419591185890828,
  "uap_linf": 7.450580596923828e-08,
  "uap_l2": 2.0815758034586906e-05,
  "uap_l1": 0.013541997410356998,
  "delta_iou": 0.8960245278240746
}