{
  "cw": {
    "best": {
      "score": 0.8960245278240746,
      "clean_iou": 0.9399726081001761,
      "adv_iou": 0.04394808027610157,
      "summary": {
        "attack_name": "cw",
        "sequence": "boat",
        "frame_idx": 0,
        "obj_id": 1,
        "gt_label": 1,
        "clean_iou": 0.9399726081001761,
        "clean_dice": 0.9690576085202517,
        "adv_iou": 0.04394808027610157,
        "adv_dice": 0.08419591185890828,
        "perturbation_norm": {
          "l2": 2.0815758034586906e-05,
          "linf": 7.450580596923828e-08,
          "l1": 0.013541997410356998
        }
      },
      "artifacts": {
        "clean": "/home/featurize/AttackSAM2/outputs/boat/cw/best_cases/cw/cw_boat_frame00000_obj1_clean.png",
        "adv": "/home/featurize/AttackSAM2/outputs/boat/cw/best_cases/cw/cw_boat_frame00000_obj1_adv.png",
        "perturbation": "/home/featurize/AttackSAM2/outputs/boat/cw/best_cases/cw/cw_boat_frame00000_obj1_perturbation.png"
      }
    },
    "worst": {
      "score": 0.8960245278240746,
      "clean_iou": 0.9399726081001761,
      "adv_iou": 0.04394808027610157,
      "summary": {
        "attack_name": "cw",
        "sequence": "boat",
        "frame_idx": 0,
        "obj_id": 1,
        "gt_label": 1,
        "clean_iou": 0.9399726081001761,
        "clean_dice": 0.9690576085202517,
        "adv_iou": 0.04394808027610157,
        "adv_dice": 0.08419591185890828,
        "perturbation_norm": {
          "l2": 2.0815758034586906e-05,
          "linf": 7.450580596923828e-08,
          "l1": 0.013541997410356998
        }
      },
      "artifacts": {
        "clean": "/home/featurize/AttackSAM2/outputs/boat/cw/worst_cases/cw/cw_boat_frame00000_obj1_clean.png",
        "adv": "/home/featurize/AttackSAM2/outputs/boat/cw/worst_cases/cw/cw_boat_frame00000_obj1_adv.png",
        "perturbation": "/home/featurize/AttackSAM2/outputs/boat/cw/worst_cases/cw/cw_boat_frame00000_obj1_perturbation.png"
      }
    }
  }
}