{
  "attack_name": "cw",
  "sequence": "boat",
  "frame_idx": 0,
  "obj_id": 1,
  "gt_label": 1,
  "clean_iou": 0.9399726081001761,
  "clean_dice": 0.9690576085202517,
  "adv_iou": 0.04394808027610157,
  "adv_dice": 0.08419591185890828,
  "perturbation_norm": {
    "l2": 2.0815758034586906e-05,
    "linf": 7.450580596923828e-08,
    "l1": 0.013541997410356998
  },
  "frame_path": "/home/featurize/AttackSAM2/data/DAVIS/JPEGImages/480p/boat/00000.jpg",
  "mask_path": "/home/featurize/AttackSAM2/data/DAVIS/Annotations_unsupervised/480p/boat/00000.png"
}