{
  "clean_iou": 0.9687108886107635,
  "clean_dice": 0.9841068022886205,
  "adv_iou": 0.0,
  "adv_dice": 0.0,
  "uap_linf": 0.030000001192092896,
  "uap_l2": 34.852752685546875,
  "uap_l1": 51897.015625,
  "delta_iou": 0.9687108886107635
}