{
  "cw": {
    "best": {
      "score": 0.9713405668510664,
      "clean_iou": 0.9884610398029301,
      "adv_iou": 0.01712047295186369,
      "summary": {
        "attack_name": "cw",
        "sequence": "rollerblade",
        "frame_idx": 0,
        "obj_id": 1,
        "gt_label": 1,
        "clean_iou": 0.9884610398029301,
        "clean_dice": 0.9941970398382995,
        "adv_iou": 0.01712047295186369,
        "adv_dice": 0.0336645921641456,
        "perturbation_norm": {
          "l2": 5.562067031860352,
          "linf": 0.029999971389770508,
          "l1": 6818.2470703125
        }
      },
      "artifacts": {
        "clean": "/home/featurize/AttackSAM2/outputs/rollerblade/cw/best_cases/cw/cw_rollerblade_frame00000_obj1_clean.png",
        "adv": "/home/featurize/AttackSAM2/outputs/rollerblade/cw/best_cases/cw/cw_rollerblade_frame00000_obj1_adv.png",
        "perturbation": "/home/featurize/AttackSAM2/outputs/rollerblade/cw/best_cases/cw/cw_rollerblade_frame00000_obj1_perturbation.png"
      }
    },
    "worst": {
      "score": 0.9713405668510664,
      "clean_iou": 0.9884610398029301,
      "adv_iou": 0.01712047295186369,
      "summary": {
        "attack_name": "cw",
        "sequence": "rollerblade",
        "frame_idx": 0,
        "obj_id": 1,
        "gt_label": 1,
        "clean_iou": 0.9884610398029301,
        "clean_dice": 0.9941970398382995,
        "adv_iou": 0.01712047295186369,
        "adv_dice": 0.0336645921641456,
        "perturbation_norm": {
          "l2": 5.562067031860352,
          "linf": 0.029999971389770508,
          "l1": 6818.2470703125
        }
      },
      "artifacts": {
        "clean": "/home/featurize/AttackSAM2/outputs/rollerblade/cw/worst_cases/cw/cw_rollerblade_frame00000_obj1_clean.png",
        "adv": "/home/featurize/AttackSAM2/outputs/rollerblade/cw/worst_cases/cw/cw_rollerblade_frame00000_obj1_adv.png",
        "perturbation": "/home/featurize/AttackSAM2/outputs/rollerblade/cw/worst_cases/cw/cw_rollerblade_frame00000_obj1_perturbation.png"
      }
    }
  }
}