{
  "clean_iou": 0.9608239095315024,
  "clean_dice": 0.9800205973223481,
  "adv_iou": 0.029667496832262857,
  "adv_dice": 0.05762539251463974,
  "uap_linf": 0.030000001192092896,
  "uap_l2": 53.20859146118164,
  "uap_l1": 94371.828125,
  "delta_iou": 0.9311564126992395
}