{
  "pgd": {
    "best": {
      "score": 0.9906403873160246,
      "clean_iou": 0.9914101154480484,
      "adv_iou": 0.0007697281320237692,
      "summary": {
        "attack_name": "pgd",
        "sequence": "dancing",
        "frame_idx": 0,
        "obj_id": 1,
        "gt_label": 1,
        "clean_iou": 0.9914101154480484,
        "clean_dice": 0.9956865316263501,
        "adv_iou": 0.0007697281320237692,
        "adv_dice": 0.0015382722126507508,
        "perturbation_norm": {
          "l2": 34.47669219970703,
          "linf": 0.030000001192092896,
          "l1": 51377.12890625
        }
      },
      "artifacts": {
        "clean": "/home/featurize/AttackSAM2/outputs/dancing/pgd/best_cases/pgd/pgd_dancing_frame00000_obj1_clean.png",
        "adv": "/home/featurize/AttackSAM2/outputs/dancing/pgd/best_cases/pgd/pgd_dancing_frame00000_obj1_adv.png",
        "perturbation": "/home/featurize/AttackSAM2/outputs/dancing/pgd/best_cases/pgd/pgd_dancing_frame00000_obj1_perturbation.png"
      }
    },
    "worst": {
      "score": 0.9906403873160246,
      "clean_iou": 0.9914101154480484,
      "adv_iou": 0.0007697281320237692,
      "summary": {
        "attack_name": "pgd",
        "sequence": "dancing",
        "frame_idx": 0,
        "obj_id": 1,
        "gt_label": 1,
        "clean_iou": 0.9914101154480484,
        "clean_dice": 0.9956865316263501,
        "adv_iou": 0.0007697281320237692,
        "adv_dice": 0.0015382722126507508,
        "perturbation_norm": {
          "l2": 34.47669219970703,
          "linf": 0.030000001192092896,
          "l1": 51377.12890625
        }
      },
      "artifacts": {
        "clean": "/home/featurize/AttackSAM2/outputs/dancing/pgd/worst_cases/pgd/pgd_dancing_frame00000_obj1_clean.png",
        "adv": "/home/featurize/AttackSAM2/outputs/dancing/pgd/worst_cases/pgd/pgd_dancing_frame00000_obj1_adv.png",
        "perturbation": "/home/featurize/AttackSAM2/outputs/dancing/pgd/worst_cases/pgd/pgd_dancing_frame00000_obj1_perturbation.png"
      }
    }
  }
}