{
  "fgsm": {
    "best": {
      "score": 0.9852472307691174,
      "clean_iou": 0.9883999401287232,
      "adv_iou": 0.0031527093596059115,
      "summary": {
        "attack_name": "fgsm",
        "sequence": "longboard",
        "frame_idx": 0,
        "obj_id": 1,
        "gt_label": 1,
        "clean_iou": 0.9883999401287232,
        "clean_dice": 0.9941661334638112,
        "adv_iou": 0.0031527093596059115,
        "adv_dice": 0.006285602042820664,
        "perturbation_norm": {
          "l2": 52.94641876220703,
          "linf": 0.030000001192092896,
          "l1": 93600.0703125
        }
      },
      "artifacts": {
        "clean": "/home/featurize/AttackSAM2/outputs/longboard/fgsm/best_cases/fgsm/fgsm_longboard_frame00000_obj1_clean.png",
        "adv": "/home/featurize/AttackSAM2/outputs/longboard/fgsm/best_cases/fgsm/fgsm_longboard_frame00000_obj1_adv.png",
        "perturbation": "/home/featurize/AttackSAM2/outputs/longboard/fgsm/best_cases/fgsm/fgsm_longboard_frame00000_obj1_perturbation.png"
      }
    },
    "worst": {
      "score": 0.9852472307691174,
      "clean_iou": 0.9883999401287232,
      "adv_iou": 0.0031527093596059115,
      "summary": {
        "attack_name": "fgsm",
        "sequence": "longboard",
        "frame_idx": 0,
        "obj_id": 1,
        "gt_label": 1,
        "clean_iou": 0.9883999401287232,
        "clean_dice": 0.9941661334638112,
        "adv_iou": 0.0031527093596059115,
        "adv_dice": 0.006285602042820664,
        "perturbation_norm": {
          "l2": 52.94641876220703,
          "linf": 0.030000001192092896,
          "l1": 93600.0703125
        }
      },
      "artifacts": {
        "clean": "/home/featurize/AttackSAM2/outputs/longboard/fgsm/worst_cases/fgsm/fgsm_longboard_frame00000_obj1_clean.png",
        "adv": "/home/featurize/AttackSAM2/outputs/longboard/fgsm/worst_cases/fgsm/fgsm_longboard_frame00000_obj1_adv.png",
        "perturbation": "/home/featurize/AttackSAM2/outputs/longboard/fgsm/worst_cases/fgsm/fgsm_longboard_frame00000_obj1_perturbation.png"
      }
    }
  }
}