{
  "clean_iou": 0.9849117174959872,
  "clean_dice": 0.9923985120491671,
  "adv_iou": 0.0,
  "adv_dice": 0.0,
  "uap_linf": 0.030000001192092896,
  "uap_l2": 34.36448669433594,
  "uap_l1": 51280.6640625,
  "delta_iou": 0.9849117174959872
}