{
  "clean_iou": 0.9884610398029301,
  "clean_dice": 0.9941970398382995,
  "adv_iou": 0.0029028737307070325,
  "adv_dice": 0.005788942891166734,
  "uap_linf": 0.030000001192092896,
  "uap_l2": 35.78705978393555,
  "uap_l1": 54547.484375,
  "delta_iou": 0.985558166072223
}