{
  "cw": {
    "best": {
      "score": 0.9450901725900843,
      "clean_iou": 0.9468003084040093,
      "adv_iou": 0.0017101358139249535,
      "summary": {
        "attack_name": "cw",
        "sequence": "drone",
        "frame_idx": 0,
        "obj_id": 1,
        "gt_label": 1,
        "clean_iou": 0.9468003084040093,
        "clean_dice": 0.9726732673267326,
        "adv_iou": 0.0017101358139249535,
        "adv_dice": 0.0034144324845738084,
        "perturbation_norm": {
          "l2": 5.202230930328369,
          "linf": 0.029999971389770508,
          "l1": 6395.13427734375
        }
      },
      "artifacts": {
        "clean": "/home/featurize/AttackSAM2/outputs/drone/cw/best_cases/cw/cw_drone_frame00000_obj1_clean.png",
        "adv": "/home/featurize/AttackSAM2/outputs/drone/cw/best_cases/cw/cw_drone_frame00000_obj1_adv.png",
        "perturbation": "/home/featurize/AttackSAM2/outputs/drone/cw/best_cases/cw/cw_drone_frame00000_obj1_perturbation.png"
      }
    },
    "worst": {
      "score": 0.9450901725900843,
      "clean_iou": 0.9468003084040093,
      "adv_iou": 0.0017101358139249535,
      "summary": {
        "attack_name": "cw",
        "sequence": "drone",
        "frame_idx": 0,
        "obj_id": 1,
        "gt_label": 1,
        "clean_iou": 0.9468003084040093,
        "clean_dice": 0.9726732673267326,
        "adv_iou": 0.0017101358139249535,
        "adv_dice": 0.0034144324845738084,
        "perturbation_norm": {
          "l2": 5.202230930328369,
          "linf": 0.029999971389770508,
          "l1": 6395.13427734375
        }
      },
      "artifacts": {
        "clean": "/home/featurize/AttackSAM2/outputs/drone/cw/worst_cases/cw/cw_drone_frame00000_obj1_clean.png",
        "adv": "/home/featurize/AttackSAM2/outputs/drone/cw/worst_cases/cw/cw_drone_frame00000_obj1_adv.png",
        "perturbation": "/home/featurize/AttackSAM2/outputs/drone/cw/worst_cases/cw/cw_drone_frame00000_obj1_perturbation.png"
      }
    }
  }
}