{
  "attack_name": "cw",
  "sequence": "drone",
  "frame_idx": 0,
  "obj_id": 1,
  "gt_label": 1,
  "clean_iou": 0.9468003084040093,
  "clean_dice": 0.9726732673267326,
  "adv_iou": 0.0017101358139249535,
  "adv_dice": 0.0034144324845738084,
  "perturbation_norm": {
    "l2": 5.202230930328369,
    "linf": 0.029999971389770508,
    "l1": 6395.13427734375
  },
  "frame_path": "/home/featurize/AttackSAM2/data/DAVIS/JPEGImages/480p/drone/00000.jpg",
  "mask_path": "/home/featurize/AttackSAM2/data/DAVIS/Annotations_unsupervised/480p/drone/00000.png"
}