{
  "clean_iou": 0.9987244817017064,
  "clean_dice": 0.9993618338545552,
  "adv_iou": 0.03533379136951819,
  "adv_dice": 0.06825584495369244,
  "uap_linf": 0.030000001192092896,
  "uap_l2": 35.057777404785156,
  "uap_l1": 53150.1796875,
  "delta_iou": 0.9633906903321882
}