{
  "clean_iou": 0.9889325240985363,
  "clean_dice": 0.9944354693950817,
  "adv_iou": 0.00030235961443101966,
  "adv_dice": 0.000604536441456691,
  "uap_linf": 0.030000001192092896,
  "uap_l2": 53.187618255615234,
  "uap_l1": 94324.7578125,
  "delta_iou": 0.9886301644841052
}