{
  "clean_iou": 0.9948217616445146,
  "clean_dice": 0.9974041598828276,
  "adv_iou": 0.019511139952411855,
  "adv_dice": 0.03827548162607146,
  "uap_linf": 0.030000001192092896,
  "uap_l2": 35.089874267578125,
  "uap_l1": 53029.9921875,
  "delta_iou": 0.9753106216921028
}