{
  "clean_iou": 0.9794688500062342,
  "clean_dice": 0.9896279499454103,
  "adv_iou": 0.15136457586366897,
  "adv_dice": 0.2629307502363036,
  "uap_linf": 0.029999971389770508,
  "uap_l2": 5.429026126861572,
  "uap_l1": 6426.53662109375,
  "delta_iou": 0.8281042741425653
}