{
  "clean_iou": 0.6461182411108773,
  "clean_dice": 0.7850204498977505,
  "adv_iou": 0.0020369661508175207,
  "adv_dice": 0.00406565070876025,
  "uap_linf": 0.030000001192092896,
  "uap_l2": 35.74488830566406,
  "uap_l1": 54469.0859375,
  "delta_iou": 0.6440812749600598
}