{
  "clean_iou": 0.9969887280767196,
  "clean_dice": 0.9984920936803782,
  "adv_iou": 0.0004470243299565466,
  "adv_dice": 0.0008936491769885337,
  "uap_linf": 0.030000001192092896,
  "uap_l2": 35.120689392089844,
  "uap_l1": 52824.5546875,
  "delta_iou": 0.996541703746763
}