{
  "bim": {
    "best": {
      "score": 0.9898118349891089,
      "clean_iou": 0.9899157621901831,
      "adv_iou": 0.00010392720107419155,
      "summary": {
        "attack_name": "bim",
        "sequence": "bear",
        "frame_idx": 0,
        "obj_id": 1,
        "gt_label": 1,
        "clean_iou": 0.9899157621901831,
        "clean_dice": 0.9949323292968353,
        "adv_iou": 0.00010392720107419155,
        "adv_dice": 0.00020783280266691053,
        "perturbation_norm": {
          "l2": 35.649871826171875,
          "linf": 0.030000001192092896,
          "l1": 54260.89453125
        }
      },
      "artifacts": {
        "clean": "/home/featurize/AttackSAM2/outputs/bear/bim/best_cases/bim/bim_bear_frame00000_obj1_clean.png",
        "adv": "/home/featurize/AttackSAM2/outputs/bear/bim/best_cases/bim/bim_bear_frame00000_obj1_adv.png",
        "perturbation": "/home/featurize/AttackSAM2/outputs/bear/bim/best_cases/bim/bim_bear_frame00000_obj1_perturbation.png"
      }
    },
    "worst": {
      "score": 0.9898118349891089,
      "clean_iou": 0.9899157621901831,
      "adv_iou": 0.00010392720107419155,
      "summary": {
        "attack_name": "bim",
        "sequence": "bear",
        "frame_idx": 0,
        "obj_id": 1,
        "gt_label": 1,
        "clean_iou": 0.9899157621901831,
        "clean_dice": 0.9949323292968353,
        "adv_iou": 0.00010392720107419155,
        "adv_dice": 0.00020783280266691053,
        "perturbation_norm": {
          "l2": 35.649871826171875,
          "linf": 0.030000001192092896,
          "l1": 54260.89453125
        }
      },
      "artifacts": {
        "clean": "/home/featurize/AttackSAM2/outputs/bear/bim/worst_cases/bim/bim_bear_frame00000_obj1_clean.png",
        "adv": "/home/featurize/AttackSAM2/outputs/bear/bim/worst_cases/bim/bim_bear_frame00000_obj1_adv.png",
        "perturbation": "/home/featurize/AttackSAM2/outputs/bear/bim/worst_cases/bim/bim_bear_frame00000_obj1_perturbation.png"
      }
    }
  }
}