{
  "attack_name": "cw",
  "sequence": "dogs-scale",
  "frame_idx": 0,
  "obj_id": 1,
  "gt_label": 1,
  "clean_iou": 0.9908013444188927,
  "clean_dice": 0.9953794206504354,
  "adv_iou": 0.1568266658206698,
  "adv_dice": 0.2711325221906338,
  "perturbation_norm": {
    "l2": 5.942971229553223,
    "linf": 0.029999971389770508,
    "l1": 7511.333984375
  },
  "frame_path": "/home/featurize/AttackSAM2/data/DAVIS/JPEGImages/480p/dogs-scale/00000.jpg",
  "mask_path": "/home/featurize/AttackSAM2/data/DAVIS/Annotations_unsupervised/480p/dogs-scale/00000.png"
}