{
  "cw": {
    "best": {
      "score": 0.8708461400451243,
      "clean_iou": 0.9923827660080933,
      "adv_iou": 0.12153662596296896,
      "summary": {
        "attack_name": "cw",
        "sequence": "drift-turn",
        "frame_idx": 0,
        "obj_id": 1,
        "gt_label": 1,
        "clean_iou": 0.9923827660080933,
        "clean_dice": 0.9961768219832736,
        "adv_iou": 0.12153662596296896,
        "adv_dice": 0.21673233517205148,
        "perturbation_norm": {
          "l2": 1.911826439027209e-05,
          "linf": 7.450580596923828e-08,
          "l1": 0.0076616257429122925
        }
      },
      "artifacts": {
        "clean": "/home/featurize/AttackSAM2/outputs/drift-turn/cw/best_cases/cw/cw_drift-turn_frame00000_obj1_clean.png",
        "adv": "/home/featurize/AttackSAM2/outputs/drift-turn/cw/best_cases/cw/cw_drift-turn_frame00000_obj1_adv.png",
        "perturbation": "/home/featurize/AttackSAM2/outputs/drift-turn/cw/best_cases/cw/cw_drift-turn_frame00000_obj1_perturbation.png"
      }
    },
    "worst": {
      "score": 0.8708461400451243,
      "clean_iou": 0.9923827660080933,
      "adv_iou": 0.12153662596296896,
      "summary": {
        "attack_name": "cw",
        "sequence": "drift-turn",
        "frame_idx": 0,
        "obj_id": 1,
        "gt_label": 1,
        "clean_iou": 0.9923827660080933,
        "clean_dice": 0.9961768219832736,
        "adv_iou": 0.12153662596296896,
        "adv_dice": 0.21673233517205148,
        "perturbation_norm": {
          "l2": 1.911826439027209e-05,
          "linf": 7.450580596923828e-08,
          "l1": 0.0076616257429122925
        }
      },
      "artifacts": {
        "clean": "/home/featurize/AttackSAM2/outputs/drift-turn/cw/worst_cases/cw/cw_drift-turn_frame00000_obj1_clean.png",
        "adv": "/home/featurize/AttackSAM2/outputs/drift-turn/cw/worst_cases/cw/cw_drift-turn_frame00000_obj1_adv.png",
        "perturbation": "/home/featurize/AttackSAM2/outputs/drift-turn/cw/worst_cases/cw/cw_drift-turn_frame00000_obj1_perturbation.png"
      }
    }
  }
}