{
  "attack_name": "cw",
  "sequence": "drift-turn",
  "frame_idx": 0,
  "obj_id": 1,
  "gt_label": 1,
  "clean_iou": 0.9923827660080933,
  "clean_dice": 0.9961768219832736,
  "adv_iou": 0.12153662596296896,
  "adv_dice": 0.21673233517205148,
  "perturbation_norm": {
    "l2": 1.911826439027209e-05,
    "linf": 7.450580596923828e-08,
    "l1": 0.0076616257429122925
  },
  "frame_path": "/home/featurize/AttackSAM2/data/DAVIS/JPEGImages/480p/drift-turn/00000.jpg",
  "mask_path": "/home/featurize/AttackSAM2/data/DAVIS/Annotations_unsupervised/480p/drift-turn/00000.png"
}