{
  "clean_iou": 0.9918718737976144,
  "clean_dice": 0.9959193528914645,
  "adv_iou": 0.0,
  "adv_dice": 0.0,
  "uap_linf": 0.030000001192092896,
  "uap_l2": 35.36420822143555,
  "uap_l1": 53796.4609375,
  "delta_iou": 0.9918718737976144
}