{
  "clean_iou": 0.9969887280767196,
  "clean_dice": 0.9984920936803782,
  "adv_iou": 0.052878767401000136,
  "adv_dice": 0.10044607040852348,
  "uap_linf": 0.029999971389770508,
  "uap_l2": 6.483723163604736,
  "uap_l1": 8162.03662109375,
  "delta_iou": 0.9441099606757194
}