{
  "clean_iou": 0.9956156425187659,
  "clean_dice": 0.9978030050537685,
  "adv_iou": 0.009303399257016471,
  "adv_dice": 0.018435287672398663,
  "uap_linf": 0.030000001192092896,
  "uap_l2": 35.52153778076172,
  "uap_l1": 54010.2265625,
  "delta_iou": 0.9863122432617494
}