{
  "clean_iou": 0.9956156425187659,
  "clean_dice": 0.9978030050537685,
  "adv_iou": 0.3820317314188562,
  "adv_dice": 0.5528552242814935,
  "uap_linf": 0.030000001192092896,
  "uap_l2": 52.93118667602539,
  "uap_l1": 93571.125,
  "delta_iou": 0.6135839110999097
}