{
  "clean_iou": 0.9908900354724283,
  "clean_dice": 0.9954241749341972,
  "adv_iou": 0.06865861411315957,
  "adv_dice": 0.12849494348602022,
  "uap_linf": 0.029999971389770508,
  "uap_l2": 5.436049461364746,
  "uap_l1": 6250.9248046875,
  "delta_iou": 0.9222314213592687
}