{
  "cw": {
    "best": {
      "score": 0.8912801535389586,
      "clean_iou": 0.9956156425187659,
      "adv_iou": 0.10433548897980731,
      "summary": {
        "attack_name": "cw",
        "sequence": "cat-girl",
        "frame_idx": 0,
        "obj_id": 1,
        "gt_label": 1,
        "clean_iou": 0.9956156425187659,
        "clean_dice": 0.9978030050537685,
        "adv_iou": 0.10433548897980731,
        "adv_dice": 0.18895614606426014,
        "perturbation_norm": {
          "l2": 8.52592945098877,
          "linf": 0.029999971389770508,
          "l1": 11344.318359375
        }
      },
      "artifacts": {
        "clean": "/home/featurize/AttackSAM2/outputs/cat-girl/cw/best_cases/cw/cw_cat-girl_frame00000_obj1_clean.png",
        "adv": "/home/featurize/AttackSAM2/outputs/cat-girl/cw/best_cases/cw/cw_cat-girl_frame00000_obj1_adv.png",
        "perturbation": "/home/featurize/AttackSAM2/outputs/cat-girl/cw/best_cases/cw/cw_cat-girl_frame00000_obj1_perturbation.png"
      }
    },
    "worst": {
      "score": 0.8912801535389586,
      "clean_iou": 0.9956156425187659,
      "adv_iou": 0.10433548897980731,
      "summary": {
        "attack_name": "cw",
        "sequence": "cat-girl",
        "frame_idx": 0,
        "obj_id": 1,
        "gt_label": 1,
        "clean_iou": 0.9956156425187659,
        "clean_dice": 0.9978030050537685,
        "adv_iou": 0.10433548897980731,
        "adv_dice": 0.18895614606426014,
        "perturbation_norm": {
          "l2": 8.52592945098877,
          "linf": 0.029999971389770508,
          "l1": 11344.318359375
        }
      },
      "artifacts": {
        "clean": "/home/featurize/AttackSAM2/outputs/cat-girl/cw/worst_cases/cw/cw_cat-girl_frame00000_obj1_clean.png",
        "adv": "/home/featurize/AttackSAM2/outputs/cat-girl/cw/worst_cases/cw/cw_cat-girl_frame00000_obj1_adv.png",
        "perturbation": "/home/featurize/AttackSAM2/outputs/cat-girl/cw/worst_cases/cw/cw_cat-girl_frame00000_obj1_perturbation.png"
      }
    }
  }
}