{
  "attack_name": "cw",
  "sequence": "cat-girl",
  "frame_idx": 0,
  "obj_id": 1,
  "gt_label": 1,
  "clean_iou": 0.9956156425187659,
  "clean_dice": 0.9978030050537685,
  "adv_iou": 0.10433548897980731,
  "adv_dice": 0.18895614606426014,
  "perturbation_norm": {
    "l2": 8.52592945098877,
    "linf": 0.029999971389770508,
    "l1": 11344.318359375
  },
  "frame_path": "/home/featurize/AttackSAM2/data/DAVIS/JPEGImages/480p/cat-girl/00000.jpg",
  "mask_path": "/home/featurize/AttackSAM2/data/DAVIS/Annotations_unsupervised/480p/cat-girl/00000.png"
}