{
  "attack_name": "bim",
  "sequence": "lady-running",
  "frame_idx": 0,
  "obj_id": 1,
  "gt_label": 1,
  "clean_iou": 0.9969887280767196,
  "clean_dice": 0.9984920936803782,
  "adv_iou": 0.0004470243299565466,
  "adv_dice": 0.0008936491769885337,
  "perturbation_norm": {
    "l2": 35.120689392089844,
    "linf": 0.030000001192092896,
    "l1": 52824.5546875
  },
  "frame_path": "/home/featurize/AttackSAM2/data/DAVIS/JPEGImages/480p/lady-running/00000.jpg",
  "mask_path": "/home/featurize/AttackSAM2/data/DAVIS/Annotations_unsupervised/480p/lady-running/00000.png"
}