{
  "clean_iou": 0.9950230583078398,
  "clean_dice": 0.9975053212185018,
  "adv_iou": 0.044761558766218096,
  "adv_dice": 0.08568760669004323,
  "uap_linf": 4.76837158203125e-07,
  "uap_l2": 2.5056278900592588e-05,
  "uap_l1": 0.02417287603020668,
  "delta_iou": 0.9502614995416216
}