{
  "clean_iou": 0.9825916769674495,
  "clean_dice": 0.9912194108172703,
  "adv_iou": 0.0401303557626021,
  "adv_dice": 0.07716408917453303,
  "uap_linf": 0.030000001192092896,
  "uap_l2": 52.95749282836914,
  "uap_l1": 93766.828125,
  "delta_iou": 0.9424613212048474
}