{
  "clean_iou": 0.9872018497484991,
  "clean_dice": 0.9935597129938659,
  "adv_iou": 0.2470698688633817,
  "adv_dice": 0.3962406197634602,
  "uap_linf": 0.030000001192092896,
  "uap_l2": 53.20763397216797,
  "uap_l1": 94369.484375,
  "delta_iou": 0.7401319808851174
}