{
  "pgd": {
    "best": {
      "score": 0.9689161713043968,
      "clean_iou": 0.9775147928994082,
      "adv_iou": 0.008598621595011487,
      "summary": {
        "attack_name": "pgd",
        "sequence": "classic-car",
        "frame_idx": 0,
        "obj_id": 1,
        "gt_label": 1,
        "clean_iou": 0.9775147928994082,
        "clean_dice": 0.9886295631358468,
        "adv_iou": 0.008598621595011487,
        "adv_dice": 0.017050631263829233,
        "perturbation_norm": {
          "l2": 30.416534423828125,
          "linf": 0.029999971389770508,
          "l1": 46364.71484375
        }
      },
      "artifacts": {
        "clean": "/home/featurize/AttackSAM2/outputs/classic-car/pgd/best_cases/pgd/pgd_classic-car_frame00000_obj1_clean.png",
        "adv": "/home/featurize/AttackSAM2/outputs/classic-car/pgd/best_cases/pgd/pgd_classic-car_frame00000_obj1_adv.png",
        "perturbation": "/home/featurize/AttackSAM2/outputs/classic-car/pgd/best_cases/pgd/pgd_classic-car_frame00000_obj1_perturbation.png"
      }
    },
    "worst": {
      "score": 0.9689161713043968,
      "clean_iou": 0.9775147928994082,
      "adv_iou": 0.008598621595011487,
      "summary": {
        "attack_name": "pgd",
        "sequence": "classic-car",
        "frame_idx": 0,
        "obj_id": 1,
        "gt_label": 1,
        "clean_iou": 0.9775147928994082,
        "clean_dice": 0.9886295631358468,
        "adv_iou": 0.008598621595011487,
        "adv_dice": 0.017050631263829233,
        "perturbation_norm": {
          "l2": 30.416534423828125,
          "linf": 0.029999971389770508,
          "l1": 46364.71484375
        }
      },
      "artifacts": {
        "clean": "/home/featurize/AttackSAM2/outputs/classic-car/pgd/worst_cases/pgd/pgd_classic-car_frame00000_obj1_clean.png",
        "adv": "/home/featurize/AttackSAM2/outputs/classic-car/pgd/worst_cases/pgd/pgd_classic-car_frame00000_obj1_adv.png",
        "perturbation": "/home/featurize/AttackSAM2/outputs/classic-car/pgd/worst_cases/pgd/pgd_classic-car_frame00000_obj1_perturbation.png"
      }
    }
  }
}