{
  "attack_name": "pgd",
  "sequence": "classic-car",
  "frame_idx": 0,
  "obj_id": 1,
  "gt_label": 1,
  "clean_iou": 0.9775147928994082,
  "clean_dice": 0.9886295631358468,
  "adv_iou": 0.008598621595011487,
  "adv_dice": 0.017050631263829233,
  "perturbation_norm": {
    "l2": 30.416534423828125,
    "linf": 0.029999971389770508,
    "l1": 46364.71484375
  },
  "frame_path": "/home/featurize/AttackSAM2/data/DAVIS/JPEGImages/480p/classic-car/00000.jpg",
  "mask_path": "/home/featurize/AttackSAM2/data/DAVIS/Annotations_unsupervised/480p/classic-car/00000.png"
}