{
  "clean_iou": 0.9948217616445146,
  "clean_dice": 0.9974041598828276,
  "adv_iou": 0.3239914583681033,
  "adv_dice": 0.4894162365177818,
  "uap_linf": 0.030000001192092896,
  "uap_l2": 9.822443962097168,
  "uap_l1": 12492.2265625,
  "delta_iou": 0.6708303032764114
}