{
  "clean_iou": 0.9872018497484991,
  "clean_dice": 0.9935597129938659,
  "adv_iou": 0.0,
  "adv_dice": 0.0,
  "uap_linf": 0.030000001192092896,
  "uap_l2": 35.743621826171875,
  "uap_l1": 54560.40625,
  "delta_iou": 0.9872018497484991
}