{
  "clean_iou": 0.9704033525405972,
  "clean_dice": 0.9849793965173468,
  "adv_iou": 0.000520471894517696,
  "adv_dice": 0.0010404022888850356,
  "uap_linf": 0.0,
  "uap_l2": 0.0,
  "uap_l1": 0.0,
  "delta_iou": 0.9698828806460795
}