{
  "clean_iou": 0.9986495673959003,
  "clean_dice": 0.9993243274728449,
  "adv_iou": 0.29530454520539995,
  "adv_dice": 0.455961567182755,
  "uap_linf": 0.030000001192092896,
  "uap_l2": 53.007999420166016,
  "uap_l1": 93736.1171875,
  "delta_iou": 0.7033450221905003
}