{
  "clean_iou": 0.9914101154480484,
  "clean_dice": 0.9956865316263501,
  "adv_iou": 0.0,
  "adv_dice": 0.0,
  "uap_linf": 0.030000001192092896,
  "uap_l2": 34.878543853759766,
  "uap_l1": 52114.85546875,
  "delta_iou": 0.9914101154480484
}