{
  "attack_name": "bim",
  "sequence": "dog-agility",
  "frame_idx": 0,
  "obj_id": 1,
  "gt_label": 1,
  "clean_iou": 0.9953177257525083,
  "clean_dice": 0.9976533690915186,
  "adv_iou": 0.000624461030658063,
  "adv_dice": 0.0012481426448736998,
  "perturbation_norm": {
    "l2": 35.67732620239258,
    "linf": 0.030000001192092896,
    "l1": 54255.828125
  },
  "frame_path": "/home/featurize/AttackSAM2/data/DAVIS/JPEGImages/480p/dog-agility/00000.jpg",
  "mask_path": "/home/featurize/AttackSAM2/data/DAVIS/Annotations_unsupervised/480p/dog-agility/00000.png"
}