{
  "clean_iou": 0.9753694581280788,
  "clean_dice": 0.9875311720698254,
  "adv_iou": 0.0015003166252618248,
  "adv_dice": 0.002996138094728548,
  "uap_linf": 0.030000001192092896,
  "uap_l2": 6.475385665893555,
  "uap_l1": 7663.0166015625,
  "delta_iou": 0.973869141502817
}