{
  "attack_name": "cw",
  "sequence": "miami-surf",
  "frame_idx": 0,
  "obj_id": 1,
  "gt_label": 1,
  "clean_iou": 0.9489795918367347,
  "clean_dice": 0.9738219895287958,
  "adv_iou": 0.003007439455495172,
  "adv_dice": 0.005996843766438716,
  "perturbation_norm": {
    "l2": 3.89505730709061e-05,
    "linf": 4.76837158203125e-07,
    "l1": 0.010034877806901932
  },
  "frame_path": "/home/featurize/AttackSAM2/data/DAVIS/JPEGImages/480p/miami-surf/00000.jpg",
  "mask_path": "/home/featurize/AttackSAM2/data/DAVIS/Annotations_unsupervised/480p/miami-surf/00000.png"
}