{
  "clean_iou": 0.9608239095315024,
  "clean_dice": 0.9800205973223481,
  "adv_iou": 0.017337071579790583,
  "adv_dice": 0.03408323959505062,
  "uap_linf": 0.030000001192092896,
  "uap_l2": 4.662508010864258,
  "uap_l1": 5402.49755859375,
  "delta_iou": 0.9434868379517118
}