{
  "cw": {
    "best": {
      "score": 0.9441099606757194,
      "clean_iou": 0.9969887280767196,
      "adv_iou": 0.052878767401000136,
      "summary": {
        "attack_name": "cw",
        "sequence": "lady-running",
        "frame_idx": 0,
        "obj_id": 1,
        "gt_label": 1,
        "clean_iou": 0.9969887280767196,
        "clean_dice": 0.9984920936803782,
        "adv_iou": 0.052878767401000136,
        "adv_dice": 0.10044607040852348,
        "perturbation_norm": {
          "l2": 6.483723163604736,
          "linf": 0.029999971389770508,
          "l1": 8162.03662109375
        }
      },
      "artifacts": {
        "clean": "/home/featurize/AttackSAM2/outputs/lady-running/cw/best_cases/cw/cw_lady-running_frame00000_obj1_clean.png",
        "adv": "/home/featurize/AttackSAM2/outputs/lady-running/cw/best_cases/cw/cw_lady-running_frame00000_obj1_adv.png",
        "perturbation": "/home/featurize/AttackSAM2/outputs/lady-running/cw/best_cases/cw/cw_lady-running_frame00000_obj1_perturbation.png"
      }
    },
    "worst": {
      "score": 0.9441099606757194,
      "clean_iou": 0.9969887280767196,
      "adv_iou": 0.052878767401000136,
      "summary": {
        "attack_name": "cw",
        "sequence": "lady-running",
        "frame_idx": 0,
        "obj_id": 1,
        "gt_label": 1,
        "clean_iou": 0.9969887280767196,
        "clean_dice": 0.9984920936803782,
        "adv_iou": 0.052878767401000136,
        "adv_dice": 0.10044607040852348,
        "perturbation_norm": {
          "l2": 6.483723163604736,
          "linf": 0.029999971389770508,
          "l1": 8162.03662109375
        }
      },
      "artifacts": {
        "clean": "/home/featurize/AttackSAM2/outputs/lady-running/cw/worst_cases/cw/cw_lady-running_frame00000_obj1_clean.png",
        "adv": "/home/featurize/AttackSAM2/outputs/lady-running/cw/worst_cases/cw/cw_lady-running_frame00000_obj1_adv.png",
        "perturbation": "/home/featurize/AttackSAM2/outputs/lady-running/cw/worst_cases/cw/cw_lady-running_frame00000_obj1_perturbation.png"
      }
    }
  }
}