{
  "clean_iou": 0.9884610398029301,
  "clean_dice": 0.9941970398382995,
  "adv_iou": 0.01712047295186369,
  "adv_dice": 0.0336645921641456,
  "uap_linf": 0.029999971389770508,
  "uap_l2": 5.562067031860352,
  "uap_l1": 6818.2470703125,
  "delta_iou": 0.9713405668510664
}