{
  "pgd": {
    "best": {
      "score": 0.9753106216921028,
      "clean_iou": 0.9948217616445146,
      "adv_iou": 0.019511139952411855,
      "summary": {
        "attack_name": "pgd",
        "sequence": "bus",
        "frame_idx": 0,
        "obj_id": 1,
        "gt_label": 1,
        "clean_iou": 0.9948217616445146,
        "clean_dice": 0.9974041598828276,
        "adv_iou": 0.019511139952411855,
        "adv_dice": 0.03827548162607146,
        "perturbation_norm": {
          "l2": 35.089874267578125,
          "linf": 0.030000001192092896,
          "l1": 53029.9921875
        }
      },
      "artifacts": {
        "clean": "/home/featurize/AttackSAM2/outputs/bus/pgd/best_cases/pgd/pgd_bus_frame00000_obj1_clean.png",
        "adv": "/home/featurize/AttackSAM2/outputs/bus/pgd/best_cases/pgd/pgd_bus_frame00000_obj1_adv.png",
        "perturbation": "/home/featurize/AttackSAM2/outputs/bus/pgd/best_cases/pgd/pgd_bus_frame00000_obj1_perturbation.png"
      }
    },
    "worst": {
      "score": 0.9753106216921028,
      "clean_iou": 0.9948217616445146,
      "adv_iou": 0.019511139952411855,
      "summary": {
        "attack_name": "pgd",
        "sequence": "bus",
        "frame_idx": 0,
        "obj_id": 1,
        "gt_label": 1,
        "clean_iou": 0.9948217616445146,
        "clean_dice": 0.9974041598828276,
        "adv_iou": 0.019511139952411855,
        "adv_dice": 0.03827548162607146,
        "perturbation_norm": {
          "l2": 35.089874267578125,
          "linf": 0.030000001192092896,
          "l1": 53029.9921875
        }
      },
      "artifacts": {
        "clean": "/home/featurize/AttackSAM2/outputs/bus/pgd/worst_cases/pgd/pgd_bus_frame00000_obj1_clean.png",
        "adv": "/home/featurize/AttackSAM2/outputs/bus/pgd/worst_cases/pgd/pgd_bus_frame00000_obj1_adv.png",
        "perturbation": "/home/featurize/AttackSAM2/outputs/bus/pgd/worst_cases/pgd/pgd_bus_frame00000_obj1_perturbation.png"
      }
    }
  }
}