{
  "attack_name": "pgd",
  "sequence": "bus",
  "frame_idx": 0,
  "obj_id": 1,
  "gt_label": 1,
  "clean_iou": 0.9948217616445146,
  "clean_dice": 0.9974041598828276,
  "adv_iou": 0.019511139952411855,
  "adv_dice": 0.03827548162607146,
  "perturbation_norm": {
    "l2": 35.089874267578125,
    "linf": 0.030000001192092896,
    "l1": 53029.9921875
  },
  "frame_path": "/home/featurize/AttackSAM2/data/DAVIS/JPEGImages/480p/bus/00000.jpg",
  "mask_path": "/home/featurize/AttackSAM2/data/DAVIS/Annotations_unsupervised/480p/bus/00000.png"
}