{
  "clean_iou": 0.9953177257525083,
  "clean_dice": 0.9976533690915186,
  "adv_iou": 0.000624461030658063,
  "adv_dice": 0.0012481426448736998,
  "uap_linf": 0.030000001192092896,
  "uap_l2": 35.67732620239258,
  "uap_l1": 54255.828125,
  "delta_iou": 0.9946932647218503
}