{
  "fgsm": {
    "best": {
      "score": 0.9225257686899442,
      "clean_iou": 0.9899157621901831,
      "adv_iou": 0.06738999350023885,
      "summary": {
        "attack_name": "fgsm",
        "sequence": "bear",
        "frame_idx": 0,
        "obj_id": 1,
        "gt_label": 1,
        "clean_iou": 0.9899157621901831,
        "clean_dice": 0.9949323292968353,
        "adv_iou": 0.06738999350023885,
        "adv_dice": 0.12627061132407696,
        "perturbation_norm": {
          "l2": 53.19039535522461,
          "linf": 0.030000001192092896,
          "l1": 94328.8125
        }
      },
      "artifacts": {
        "clean": "/home/featurize/AttackSAM2/outputs/bear/fgsm/best_cases/fgsm/fgsm_bear_frame00000_obj1_clean.png",
        "adv": "/home/featurize/AttackSAM2/outputs/bear/fgsm/best_cases/fgsm/fgsm_bear_frame00000_obj1_adv.png",
        "perturbation": "/home/featurize/AttackSAM2/outputs/bear/fgsm/best_cases/fgsm/fgsm_bear_frame00000_obj1_perturbation.png"
      }
    },
    "worst": {
      "score": 0.9225257686899442,
      "clean_iou": 0.9899157621901831,
      "adv_iou": 0.06738999350023885,
      "summary": {
        "attack_name": "fgsm",
        "sequence": "bear",
        "frame_idx": 0,
        "obj_id": 1,
        "gt_label": 1,
        "clean_iou": 0.9899157621901831,
        "clean_dice": 0.9949323292968353,
        "adv_iou": 0.06738999350023885,
        "adv_dice": 0.12627061132407696,
        "perturbation_norm": {
          "l2": 53.19039535522461,
          "linf": 0.030000001192092896,
          "l1": 94328.8125
        }
      },
      "artifacts": {
        "clean": "/home/featurize/AttackSAM2/outputs/bear/fgsm/worst_cases/fgsm/fgsm_bear_frame00000_obj1_clean.png",
        "adv": "/home/featurize/AttackSAM2/outputs/bear/fgsm/worst_cases/fgsm/fgsm_bear_frame00000_obj1_adv.png",
        "perturbation": "/home/featurize/AttackSAM2/outputs/bear/fgsm/worst_cases/fgsm/fgsm_bear_frame00000_obj1_perturbation.png"
      }
    }
  }
}