{
  "clean_iou": 0.9953177257525083,
  "clean_dice": 0.9976533690915186,
  "adv_iou": 0.0,
  "adv_dice": 0.0,
  "uap_linf": 0.030000001192092896,
  "uap_l2": 35.85068130493164,
  "uap_l1": 54763.046875,
  "delta_iou": 0.9953177257525083
}