{
  "clean_iou": 0.9421424962102072,
  "clean_dice": 0.9702094445167165,
  "adv_iou": 0.01145399138323584,
  "adv_dice": 0.022648566283418756,
  "uap_linf": 0.030000001192092896,
  "uap_l2": 35.5358772277832,
  "uap_l1": 54055.375,
  "delta_iou": 0.9306885048269713
}