{
  "clean_iou": 0.9825916769674495,
  "clean_dice": 0.9912194108172703,
  "adv_iou": 0.0,
  "adv_dice": 0.0,
  "uap_linf": 0.030000001192092896,
  "uap_l2": 35.71184539794922,
  "uap_l1": 54572.8125,
  "delta_iou": 0.9825916769674495
}