{
  "clean_iou": 0.995620400124391,
  "clean_dice": 0.9978053943148025,
  "adv_iou": 0.3272994797065322,
  "adv_dice": 0.4931810562886661,
  "uap_linf": 0.030000001192092896,
  "uap_l2": 5.0982489585876465,
  "uap_l1": 6169.7958984375,
  "delta_iou": 0.6683209204178588
}