{
  "attack_name": "pgd",
  "sequence": "mallard-water",
  "frame_idx": 0,
  "obj_id": 1,
  "gt_label": 1,
  "clean_iou": 0.9950230583078398,
  "clean_dice": 0.9975053212185018,
  "adv_iou": 0.06707275467859292,
  "adv_dice": 0.12571355492774347,
  "perturbation_norm": {
    "l2": 30.705793380737305,
    "linf": 0.030000001192092896,
    "l1": 47168.328125
  },
  "frame_path": "/home/featurize/AttackSAM2/data/DAVIS/JPEGImages/480p/mallard-water/00000.jpg",
  "mask_path": "/home/featurize/AttackSAM2/data/DAVIS/Annotations_unsupervised/480p/mallard-water/00000.png"
}