{
  "cw": {
    "best": {
      "score": 0.9111705077358563,
      "clean_iou": 0.9610938989513823,
      "adv_iou": 0.049923391215526046,
      "summary": {
        "attack_name": "cw",
        "sequence": "lucia",
        "frame_idx": 0,
        "obj_id": 1,
        "gt_label": 1,
        "clean_iou": 0.9610938989513823,
        "clean_dice": 0.9801610208111803,
        "adv_iou": 0.049923391215526046,
        "adv_dice": 0.09509911224613887,
        "perturbation_norm": {
          "l2": 5.414046287536621,
          "linf": 0.029999971389770508,
          "l1": 6427.08251953125
        }
      },
      "artifacts": {
        "clean": "/home/featurize/AttackSAM2/outputs/lucia/cw/best_cases/cw/cw_lucia_frame00000_obj1_clean.png",
        "adv": "/home/featurize/AttackSAM2/outputs/lucia/cw/best_cases/cw/cw_lucia_frame00000_obj1_adv.png",
        "perturbation": "/home/featurize/AttackSAM2/outputs/lucia/cw/best_cases/cw/cw_lucia_frame00000_obj1_perturbation.png"
      }
    },
    "worst": {
      "score": 0.9111705077358563,
      "clean_iou": 0.9610938989513823,
      "adv_iou": 0.049923391215526046,
      "summary": {
        "attack_name": "cw",
        "sequence": "lucia",
        "frame_idx": 0,
        "obj_id": 1,
        "gt_label": 1,
        "clean_iou": 0.9610938989513823,
        "clean_dice": 0.9801610208111803,
        "adv_iou": 0.049923391215526046,
        "adv_dice": 0.09509911224613887,
        "perturbation_norm": {
          "l2": 5.414046287536621,
          "linf": 0.029999971389770508,
          "l1": 6427.08251953125
        }
      },
      "artifacts": {
        "clean": "/home/featurize/AttackSAM2/outputs/lucia/cw/worst_cases/cw/cw_lucia_frame00000_obj1_clean.png",
        "adv": "/home/featurize/AttackSAM2/outputs/lucia/cw/worst_cases/cw/cw_lucia_frame00000_obj1_adv.png",
        "perturbation": "/home/featurize/AttackSAM2/outputs/lucia/cw/worst_cases/cw/cw_lucia_frame00000_obj1_perturbation.png"
      }
    }
  }
}