{
  "attack_name": "cw",
  "sequence": "color-run",
  "frame_idx": 0,
  "obj_id": 1,
  "gt_label": 1,
  "clean_iou": 0.9918718737976144,
  "clean_dice": 0.9959193528914645,
  "adv_iou": 0.09168721443027458,
  "adv_dice": 0.1679734143962178,
  "perturbation_norm": {
    "l2": 7.099904537200928,
    "linf": 0.030000001192092896,
    "l1": 9430.232421875
  },
  "frame_path": "/home/featurize/AttackSAM2/data/DAVIS/JPEGImages/480p/color-run/00000.jpg",
  "mask_path": "/home/featurize/AttackSAM2/data/DAVIS/Annotations_unsupervised/480p/color-run/00000.png"
}