{
  "clean_iou": 0.9421424962102072,
  "clean_dice": 0.9702094445167165,
  "adv_iou": 5.848774096949279e-05,
  "adv_dice": 0.00011696864070742635,
  "uap_linf": 0.030000001192092896,
  "uap_l2": 35.62309646606445,
  "uap_l1": 54325.6328125,
  "delta_iou": 0.9420840084692377
}