{
  "clean_iou": 0.9872018497484991,
  "clean_dice": 0.9935597129938659,
  "adv_iou": 0.0,
  "adv_dice": 0.0,
  "uap_linf": 0.030000001192092896,
  "uap_l2": 35.75321578979492,
  "uap_l1": 54480.3203125,
  "delta_iou": 0.9872018497484991
}