{
  "cw": {
    "best": {
      "score": 0.9103078188145363,
      "clean_iou": 0.9922464622641509,
      "adv_iou": 0.08193864344961468,
      "summary": {
        "attack_name": "cw",
        "sequence": "dance-jump",
        "frame_idx": 0,
        "obj_id": 1,
        "gt_label": 1,
        "clean_iou": 0.9922464622641509,
        "clean_dice": 0.9961081433031949,
        "adv_iou": 0.08193864344961468,
        "adv_dice": 0.15146634043565432,
        "perturbation_norm": {
          "l2": 6.701936721801758,
          "linf": 0.029999971389770508,
          "l1": 8247.466796875
        }
      },
      "artifacts": {
        "clean": "/home/featurize/AttackSAM2/outputs/dance-jump/cw/best_cases/cw/cw_dance-jump_frame00000_obj1_clean.png",
        "adv": "/home/featurize/AttackSAM2/outputs/dance-jump/cw/best_cases/cw/cw_dance-jump_frame00000_obj1_adv.png",
        "perturbation": "/home/featurize/AttackSAM2/outputs/dance-jump/cw/best_cases/cw/cw_dance-jump_frame00000_obj1_perturbation.png"
      }
    },
    "worst": {
      "score": 0.9103078188145363,
      "clean_iou": 0.9922464622641509,
      "adv_iou": 0.08193864344961468,
      "summary": {
        "attack_name": "cw",
        "sequence": "dance-jump",
        "frame_idx": 0,
        "obj_id": 1,
        "gt_label": 1,
        "clean_iou": 0.9922464622641509,
        "clean_dice": 0.9961081433031949,
        "adv_iou": 0.08193864344961468,
        "adv_dice": 0.15146634043565432,
        "perturbation_norm": {
          "l2": 6.701936721801758,
          "linf": 0.029999971389770508,
          "l1": 8247.466796875
        }
      },
      "artifacts": {
        "clean": "/home/featurize/AttackSAM2/outputs/dance-jump/cw/worst_cases/cw/cw_dance-jump_frame00000_obj1_clean.png",
        "adv": "/home/featurize/AttackSAM2/outputs/dance-jump/cw/worst_cases/cw/cw_dance-jump_frame00000_obj1_adv.png",
        "perturbation": "/home/featurize/AttackSAM2/outputs/dance-jump/cw/worst_cases/cw/cw_dance-jump_frame00000_obj1_perturbation.png"
      }
    }
  }
}