{
  "clean_iou": 0.9058123920966814,
  "clean_dice": 0.9505787619526925,
  "adv_iou": 0.0,
  "adv_dice": 0.0,
  "uap_linf": 0.030000001192092896,
  "uap_l2": 53.0563850402832,
  "uap_l1": 93982.359375,
  "delta_iou": 0.9058123920966814
}