{
  "clean_iou": 0.9834604337922155,
  "clean_dice": 0.9916612573026414,
  "adv_iou": 0.04749320947214227,
  "adv_dice": 0.09067974673759513,
  "uap_linf": 0.030000001192092896,
  "uap_l2": 4.798807621002197,
  "uap_l1": 5817.240234375,
  "delta_iou": 0.9359672243200732
}