{
  "fgsm": {
    "best": {
      "score": 0.9186334730164848,
      "clean_iou": 0.9718482252141983,
      "adv_iou": 0.053214752197713495,
      "summary": {
        "attack_name": "fgsm",
        "sequence": "sheep",
        "frame_idx": 0,
        "obj_id": 1,
        "gt_label": 1,
        "clean_iou": 0.9718482252141983,
        "clean_dice": 0.9857231533209186,
        "adv_iou": 0.053214752197713495,
        "adv_dice": 0.10105204486866858,
        "perturbation_norm": {
          "l2": 53.195526123046875,
          "linf": 0.030000001192092896,
          "l1": 94339.703125
        }
      },
      "artifacts": {
        "clean": "/home/featurize/AttackSAM2/outputs/sheep/fgsm/best_cases/fgsm/fgsm_sheep_frame00000_obj1_clean.png",
        "adv": "/home/featurize/AttackSAM2/outputs/sheep/fgsm/best_cases/fgsm/fgsm_sheep_frame00000_obj1_adv.png",
        "perturbation": "/home/featurize/AttackSAM2/outputs/sheep/fgsm/best_cases/fgsm/fgsm_sheep_frame00000_obj1_perturbation.png"
      }
    },
    "worst": {
      "score": 0.9186334730164848,
      "clean_iou": 0.9718482252141983,
      "adv_iou": 0.053214752197713495,
      "summary": {
        "attack_name": "fgsm",
        "sequence": "sheep",
        "frame_idx": 0,
        "obj_id": 1,
        "gt_label": 1,
        "clean_iou": 0.9718482252141983,
        "clean_dice": 0.9857231533209186,
        "adv_iou": 0.053214752197713495,
        "adv_dice": 0.10105204486866858,
        "perturbation_norm": {
          "l2": 53.195526123046875,
          "linf": 0.030000001192092896,
          "l1": 94339.703125
        }
      },
      "artifacts": {
        "clean": "/home/featurize/AttackSAM2/outputs/sheep/fgsm/worst_cases/fgsm/fgsm_sheep_frame00000_obj1_clean.png",
        "adv": "/home/featurize/AttackSAM2/outputs/sheep/fgsm/worst_cases/fgsm/fgsm_sheep_frame00000_obj1_adv.png",
        "perturbation": "/home/featurize/AttackSAM2/outputs/sheep/fgsm/worst_cases/fgsm/fgsm_sheep_frame00000_obj1_perturbation.png"
      }
    }
  }
}