{
  "cw": {
    "best": {
      "score": 0.8843334875516763,
      "clean_iou": 0.9866464097233328,
      "adv_iou": 0.10231292217165651,
      "summary": {
        "attack_name": "cw",
        "sequence": "schoolgirls",
        "frame_idx": 0,
        "obj_id": 1,
        "gt_label": 1,
        "clean_iou": 0.9866464097233328,
        "clean_dice": 0.9932783256188368,
        "adv_iou": 0.10231292217165651,
        "adv_dice": 0.1856331720580591,
        "perturbation_norm": {
          "l2": 4.886685371398926,
          "linf": 0.029999971389770508,
          "l1": 5173.56494140625
        }
      },
      "artifacts": {
        "clean": "/home/featurize/AttackSAM2/outputs/schoolgirls/cw/best_cases/cw/cw_schoolgirls_frame00000_obj1_clean.png",
        "adv": "/home/featurize/AttackSAM2/outputs/schoolgirls/cw/best_cases/cw/cw_schoolgirls_frame00000_obj1_adv.png",
        "perturbation": "/home/featurize/AttackSAM2/outputs/schoolgirls/cw/best_cases/cw/cw_schoolgirls_frame00000_obj1_perturbation.png"
      }
    },
    "worst": {
      "score": 0.8843334875516763,
      "clean_iou": 0.9866464097233328,
      "adv_iou": 0.10231292217165651,
      "summary": {
        "attack_name": "cw",
        "sequence": "schoolgirls",
        "frame_idx": 0,
        "obj_id": 1,
        "gt_label": 1,
        "clean_iou": 0.9866464097233328,
        "clean_dice": 0.9932783256188368,
        "adv_iou": 0.10231292217165651,
        "adv_dice": 0.1856331720580591,
        "perturbation_norm": {
          "l2": 4.886685371398926,
          "linf": 0.029999971389770508,
          "l1": 5173.56494140625
        }
      },
      "artifacts": {
        "clean": "/home/featurize/AttackSAM2/outputs/schoolgirls/cw/worst_cases/cw/cw_schoolgirls_frame00000_obj1_clean.png",
        "adv": "/home/featurize/AttackSAM2/outputs/schoolgirls/cw/worst_cases/cw/cw_schoolgirls_frame00000_obj1_adv.png",
        "perturbation": "/home/featurize/AttackSAM2/outputs/schoolgirls/cw/worst_cases/cw/cw_schoolgirls_frame00000_obj1_perturbation.png"
      }
    }
  }
}