{
  "bim": {
    "best": {
      "score": 0.9745008509227813,
      "clean_iou": 0.9775147928994082,
      "adv_iou": 0.00301394197662698,
      "summary": {
        "attack_name": "bim",
        "sequence": "classic-car",
        "frame_idx": 0,
        "obj_id": 1,
        "gt_label": 1,
        "clean_iou": 0.9775147928994082,
        "clean_dice": 0.9886295631358468,
        "adv_iou": 0.00301394197662698,
        "adv_dice": 0.0060097708526113645,
        "perturbation_norm": {
          "l2": 17.586153030395508,
          "linf": 0.010000020265579224,
          "l1": 30974.458984375
        }
      },
      "artifacts": {
        "clean": "/home/featurize/AttackSAM2/outputs/classic-car/bim/best_cases/bim/bim_classic-car_frame00000_obj1_clean.png",
        "adv": "/home/featurize/AttackSAM2/outputs/classic-car/bim/best_cases/bim/bim_classic-car_frame00000_obj1_adv.png",
        "perturbation": "/home/featurize/AttackSAM2/outputs/classic-car/bim/best_cases/bim/bim_classic-car_frame00000_obj1_perturbation.png"
      }
    },
    "worst": {
      "score": 0.9745008509227813,
      "clean_iou": 0.9775147928994082,
      "adv_iou": 0.00301394197662698,
      "summary": {
        "attack_name": "bim",
        "sequence": "classic-car",
        "frame_idx": 0,
        "obj_id": 1,
        "gt_label": 1,
        "clean_iou": 0.9775147928994082,
        "clean_dice": 0.9886295631358468,
        "adv_iou": 0.00301394197662698,
        "adv_dice": 0.0060097708526113645,
        "perturbation_norm": {
          "l2": 17.586153030395508,
          "linf": 0.010000020265579224,
          "l1": 30974.458984375
        }
      },
      "artifacts": {
        "clean": "/home/featurize/AttackSAM2/outputs/classic-car/bim/worst_cases/bim/bim_classic-car_frame00000_obj1_clean.png",
        "adv": "/home/featurize/AttackSAM2/outputs/classic-car/bim/worst_cases/bim/bim_classic-car_frame00000_obj1_adv.png",
        "perturbation": "/home/featurize/AttackSAM2/outputs/classic-car/bim/worst_cases/bim/bim_classic-car_frame00000_obj1_perturbation.png"
      }
    }
  }
}