{
  "attack_name": "bim",
  "sequence": "classic-car",
  "frame_idx": 0,
  "obj_id": 1,
  "gt_label": 1,
  "clean_iou": 0.9775147928994082,
  "clean_dice": 0.9886295631358468,
  "adv_iou": 0.00301394197662698,
  "adv_dice": 0.0060097708526113645,
  "perturbation_norm": {
    "l2": 17.586153030395508,
    "linf": 0.010000020265579224,
    "l1": 30974.458984375
  },
  "frame_path": "/home/featurize/AttackSAM2/data/DAVIS/JPEGImages/480p/classic-car/00000.jpg",
  "mask_path": "/home/featurize/AttackSAM2/data/DAVIS/Annotations_unsupervised/480p/classic-car/00000.png"
}