{
  "clean_iou": 0.9889995669120831,
  "clean_dice": 0.9944693637590907,
  "adv_iou": 0.0,
  "adv_dice": 0.0,
  "uap_linf": 0.030000001192092896,
  "uap_l2": 35.78525924682617,
  "uap_l1": 54696.49609375,
  "delta_iou": 0.9889995669120831
}