{
  "attack_name": "bim",
  "sequence": "bus",
  "frame_idx": 0,
  "obj_id": 1,
  "gt_label": 1,
  "clean_iou": 0.9948217616445146,
  "clean_dice": 0.9974041598828276,
  "adv_iou": 0.0037489715773670685,
  "adv_dice": 0.007469938567360425,
  "perturbation_norm": {
    "l2": 35.42714309692383,
    "linf": 0.030000001192092896,
    "l1": 53673.8984375
  },
  "frame_path": "/home/featurize/AttackSAM2/data/DAVIS/JPEGImages/480p/bus/00000.jpg",
  "mask_path": "/home/featurize/AttackSAM2/data/DAVIS/Annotations_unsupervised/480p/bus/00000.png"
}