{
  "clean_iou": 0.9849117174959872,
  "clean_dice": 0.9923985120491671,
  "adv_iou": 0.0017713302353739133,
  "adv_dice": 0.0035363963449777016,
  "uap_linf": 0.030000001192092896,
  "uap_l2": 34.46272277832031,
  "uap_l1": 51580.96875,
  "delta_iou": 0.9831403872606133
}