{
  "clean_iou": 0.9877403958635534,
  "clean_dice": 0.9938323917137476,
  "adv_iou": 0.0,
  "adv_dice": 0.0,
  "uap_linf": 0.030000001192092896,
  "uap_l2": 35.75581741333008,
  "uap_l1": 54606.02734375,
  "delta_iou": 0.9877403958635534
}