{
  "cw": {
    "best": {
      "score": 0.5074000412118065,
      "clean_iou": 0.6461182411108773,
      "adv_iou": 0.13871819989907086,
      "summary": {
        "attack_name": "cw",
        "sequence": "kite-walk",
        "frame_idx": 0,
        "obj_id": 1,
        "gt_label": 1,
        "clean_iou": 0.6461182411108773,
        "clean_dice": 0.7850204498977505,
        "adv_iou": 0.13871819989907086,
        "adv_dice": 0.24363920750782064,
        "perturbation_norm": {
          "l2": 3.9525339603424072,
          "linf": 0.029999971389770508,
          "l1": 4321.91357421875
        }
      },
      "artifacts": {
        "clean": "/home/featurize/AttackSAM2/outputs/kite-walk/cw/best_cases/cw/cw_kite-walk_frame00000_obj1_clean.png",
        "adv": "/home/featurize/AttackSAM2/outputs/kite-walk/cw/best_cases/cw/cw_kite-walk_frame00000_obj1_adv.png",
        "perturbation": "/home/featurize/AttackSAM2/outputs/kite-walk/cw/best_cases/cw/cw_kite-walk_frame00000_obj1_perturbation.png"
      }
    },
    "worst": {
      "score": 0.5074000412118065,
      "clean_iou": 0.6461182411108773,
      "adv_iou": 0.13871819989907086,
      "summary": {
        "attack_name": "cw",
        "sequence": "kite-walk",
        "frame_idx": 0,
        "obj_id": 1,
        "gt_label": 1,
        "clean_iou": 0.6461182411108773,
        "clean_dice": 0.7850204498977505,
        "adv_iou": 0.13871819989907086,
        "adv_dice": 0.24363920750782064,
        "perturbation_norm": {
          "l2": 3.9525339603424072,
          "linf": 0.029999971389770508,
          "l1": 4321.91357421875
        }
      },
      "artifacts": {
        "clean": "/home/featurize/AttackSAM2/outputs/kite-walk/cw/worst_cases/cw/cw_kite-walk_frame00000_obj1_clean.png",
        "adv": "/home/featurize/AttackSAM2/outputs/kite-walk/cw/worst_cases/cw/cw_kite-walk_frame00000_obj1_adv.png",
        "perturbation": "/home/featurize/AttackSAM2/outputs/kite-walk/cw/worst_cases/cw/cw_kite-walk_frame00000_obj1_perturbation.png"
      }
    }
  }
}