{
  "pgd": {
    "best": {
      "score": 0.9420840084692377,
      "clean_iou": 0.9421424962102072,
      "adv_iou": 5.848774096949279e-05,
      "summary": {
        "attack_name": "pgd",
        "sequence": "motorbike",
        "frame_idx": 0,
        "obj_id": 1,
        "gt_label": 1,
        "clean_iou": 0.9421424962102072,
        "clean_dice": 0.9702094445167165,
        "adv_iou": 5.848774096949279e-05,
        "adv_dice": 0.00011696864070742635,
        "perturbation_norm": {
          "l2": 35.62309646606445,
          "linf": 0.030000001192092896,
          "l1": 54325.6328125
        }
      },
      "artifacts": {
        "clean": "/home/featurize/AttackSAM2/outputs/motorbike/pgd/best_cases/pgd/pgd_motorbike_frame00000_obj1_clean.png",
        "adv": "/home/featurize/AttackSAM2/outputs/motorbike/pgd/best_cases/pgd/pgd_motorbike_frame00000_obj1_adv.png",
        "perturbation": "/home/featurize/AttackSAM2/outputs/motorbike/pgd/best_cases/pgd/pgd_motorbike_frame00000_obj1_perturbation.png"
      }
    },
    "worst": {
      "score": 0.9420840084692377,
      "clean_iou": 0.9421424962102072,
      "adv_iou": 5.848774096949279e-05,
      "summary": {
        "attack_name": "pgd",
        "sequence": "motorbike",
        "frame_idx": 0,
        "obj_id": 1,
        "gt_label": 1,
        "clean_iou": 0.9421424962102072,
        "clean_dice": 0.9702094445167165,
        "adv_iou": 5.848774096949279e-05,
        "adv_dice": 0.00011696864070742635,
        "perturbation_norm": {
          "l2": 35.62309646606445,
          "linf": 0.030000001192092896,
          "l1": 54325.6328125
        }
      },
      "artifacts": {
        "clean": "/home/featurize/AttackSAM2/outputs/motorbike/pgd/worst_cases/pgd/pgd_motorbike_frame00000_obj1_clean.png",
        "adv": "/home/featurize/AttackSAM2/outputs/motorbike/pgd/worst_cases/pgd/pgd_motorbike_frame00000_obj1_adv.png",
        "perturbation": "/home/featurize/AttackSAM2/outputs/motorbike/pgd/worst_cases/pgd/pgd_motorbike_frame00000_obj1_perturbation.png"
      }
    }
  }
}