{
  "attack_name": "pgd",
  "sequence": "motorbike",
  "frame_idx": 0,
  "obj_id": 1,
  "gt_label": 1,
  "clean_iou": 0.9421424962102072,
  "clean_dice": 0.9702094445167165,
  "adv_iou": 5.848774096949279e-05,
  "adv_dice": 0.00011696864070742635,
  "perturbation_norm": {
    "l2": 35.62309646606445,
    "linf": 0.030000001192092896,
    "l1": 54325.6328125
  },
  "frame_path": "/home/featurize/AttackSAM2/data/DAVIS/JPEGImages/480p/motorbike/00000.jpg",
  "mask_path": "/home/featurize/AttackSAM2/data/DAVIS/Annotations_unsupervised/480p/motorbike/00000.png"
}