{
  "attack_name": "fgsm",
  "sequence": "disc-jockey",
  "frame_idx": 0,
  "obj_id": 1,
  "gt_label": 1,
  "clean_iou": 0.9987244817017064,
  "clean_dice": 0.9993618338545552,
  "adv_iou": 0.3271581219643821,
  "adv_dice": 0.4930205625839696,
  "perturbation_norm": {
    "l2": 52.158973693847656,
    "linf": 0.030000001192092896,
    "l1": 91665.2890625
  },
  "frame_path": "/home/featurize/AttackSAM2/data/DAVIS/JPEGImages/480p/disc-jockey/00000.jpg",
  "mask_path": "/home/featurize/AttackSAM2/data/DAVIS/Annotations_unsupervised/480p/disc-jockey/00000.png"
}