{
  "clean_iou": 0.9922464622641509,
  "clean_dice": 0.9961081433031949,
  "adv_iou": 0.08193864344961468,
  "adv_dice": 0.15146634043565432,
  "uap_linf": 0.029999971389770508,
  "uap_l2": 6.701936721801758,
  "uap_l1": 8247.466796875,
  "delta_iou": 0.9103078188145363
}