{
  "clean_iou": 0.9976920266994321,
  "clean_dice": 0.9988446801260047,
  "adv_iou": 0.4581977898802344,
  "adv_dice": 0.6284439505533298,
  "uap_linf": 0.010000020265579224,
  "uap_l2": 17.729188919067383,
  "uap_l1": 31436.482421875,
  "delta_iou": 0.5394942368191977
}