{
  "attack_name": "fgsm",
  "sequence": "lucia",
  "frame_idx": 0,
  "obj_id": 1,
  "gt_label": 1,
  "clean_iou": 0.9610938989513823,
  "clean_dice": 0.9801610208111803,
  "adv_iou": 0.013118652265033049,
  "adv_dice": 0.02589756340129289,
  "perturbation_norm": {
    "l2": 53.06591796875,
    "linf": 0.030000001192092896,
    "l1": 93968.3359375
  },
  "frame_path": "/home/featurize/AttackSAM2/data/DAVIS/JPEGImages/480p/lucia/00000.jpg",
  "mask_path": "/home/featurize/AttackSAM2/data/DAVIS/Annotations_unsupervised/480p/lucia/00000.png"
}