{
  "clean_iou": 0.9877403958635534,
  "clean_dice": 0.9938323917137476,
  "adv_iou": 0.05125376467801428,
  "adv_dice": 0.09750978574371652,
  "uap_linf": 0.029999971389770508,
  "uap_l2": 7.040032863616943,
  "uap_l1": 8531.34375,
  "delta_iou": 0.9364866311855392
}