{
  "attack_name": "bim",
  "sequence": "disc-jockey",
  "frame_idx": 0,
  "obj_id": 1,
  "gt_label": 1,
  "clean_iou": 0.9987244817017064,
  "clean_dice": 0.9993618338545552,
  "adv_iou": 0.19558285132471134,
  "adv_dice": 0.32717573877545103,
  "perturbation_norm": {
    "l2": 35.01958465576172,
    "linf": 0.030000001192092896,
    "l1": 52976.375
  },
  "frame_path": "/home/featurize/AttackSAM2/data/DAVIS/JPEGImages/480p/disc-jockey/00000.jpg",
  "mask_path": "/home/featurize/AttackSAM2/data/DAVIS/Annotations_unsupervised/480p/disc-jockey/00000.png"
}