{
  "clean_iou": 0.995620400124391,
  "clean_dice": 0.9978053943148025,
  "adv_iou": 6.7320573840571416e-06,
  "adv_dice": 1.3464024127531236e-05,
  "uap_linf": 0.030000001192092896,
  "uap_l2": 35.69636154174805,
  "uap_l1": 54373.7734375,
  "delta_iou": 0.9956136680670069
}