{
  "clean_iou": 0.9399726081001761,
  "clean_dice": 0.9690576085202517,
  "adv_iou": 0.03756166381032638,
  "adv_dice": 0.07240372330717285,
  "uap_linf": 0.030000001192092896,
  "uap_l2": 30.71360206604004,
  "uap_l1": 47174.078125,
  "delta_iou": 0.9024109442898498
}