{
  "clean_iou": 0.9718482252141983,
  "clean_dice": 0.9857231533209186,
  "adv_iou": 0.053214752197713495,
  "adv_dice": 0.10105204486866858,
  "uap_linf": 0.030000001192092896,
  "uap_l2": 53.195526123046875,
  "uap_l1": 94339.703125,
  "delta_iou": 0.9186334730164848
}