{
  "clean_iou": 0.9883999401287232,
  "clean_dice": 0.9941661334638112,
  "adv_iou": 0.0023048846578258343,
  "adv_dice": 0.004599168762133076,
  "uap_linf": 0.030000001192092896,
  "uap_l2": 35.51511764526367,
  "uap_l1": 53850.55859375,
  "delta_iou": 0.9860950554708974
}