{
  "clean_iou": 0.9753694581280788,
  "clean_dice": 0.9875311720698254,
  "adv_iou": 0.0,
  "adv_dice": 0.0,
  "uap_linf": 0.030000001192092896,
  "uap_l2": 35.46810531616211,
  "uap_l1": 53684.390625,
  "delta_iou": 0.9753694581280788
}