{
  "clean_iou": 0.9930596255282396,
  "clean_dice": 0.9965177286304614,
  "adv_iou": 1.72962501729625e-05,
  "adv_dice": 3.4591902035733435e-05,
  "uap_linf": 0.030000001192092896,
  "uap_l2": 35.71753692626953,
  "uap_l1": 54446.0,
  "delta_iou": 0.9930423292780666
}